id,status,area,kind,category,sensitivity,name_vi,name_en,blurb_vi,blurb_en,place_id,venue,address,lat,lng,from_date,to_date,weekdays,start_times,end_time,visit_min,price_min_k,price_max_k,needs_ticket,event_url,host_name,host_url,source,checked_on,review_notes,time_confirmed
mua-roi-thang-long,draft,hoan-kiem,show,theatre,ok,Múa rối nước Thăng Long,Thang Long Water Puppet Show,Suất diễn khoảng 50 phút với dàn nhạc dân tộc sống và những con rối gỗ lướt trên mặt nước.,A roughly 50-minute show with a live folk orchestra and wooden puppets gliding across the water.,water-puppets,Nhà hát Múa rối Thăng Long,57B Đinh Tiên Hoàng,21.031800,105.853500,2026-01-01,2027-12-31,,15:00; 16:10; 17:20; 18:30; 20:00,,50,100,200,true,,,,Biên tập,2026-10-03,"Mẫu cho sự kiện lặp lại nhiều suất/ngày. Cần đối chiếu lịch diễn, giá vé, toạ độ và link chính thức của nhà hát trước khi duyệt.",
pho-di-bo-ho-guom,approved,hoan-kiem,open,festival,ok,Phố đi bộ Hồ Gươm,Hoan Kiem Walking Street,"Tối cuối tuần, các phố quanh hồ cấm xe: trò chơi dân gian, nhạc đường phố và cả gia đình dạo bộ.","On weekend evenings the streets around the lake close to traffic: folk games, street music and families out for a stroll.",,Quanh Hồ Hoàn Kiếm,"Đinh Tiên Hoàng, Lê Thái Tổ, Hàng Khay",21.028700,105.852400,2026-01-01,2027-12-31,fri; sat; sun,19:00,23:59,60,0,0,false,,,,Biên tập,2026-10-03,Khung giờ theo quy định phố đi bộ (T6 19h → hết CN); app chỉ gợi ý buổi tối. Kiểm tra lịch tạm dừng dịp lễ.,
hm-97,approved,hanoi,open,film,ok,TRÌNH CHIẾU KỲ #2 - FETA 2026 / VIDEO ART SỔNG CHUỒNG — Complex 01,,,,,APD Center for Art Patronage and Development,"Common Room/Complex Square, Complex 01, số 29 ngách 31 ngõ 167 Tây Sơn, Kim Liên, Hà Nội",21.010560,105.826720,2026-08-06,2026-10-31,,10:00,18:00,45,,,false,https://www.facebook.com/events/2498449534011903/2498449647345225?event_time_id=2498449570678566,APD Center for Art Patronage and Development,https://www.facebook.com/apdcenter.vn,Hanoi Maps,2026-10-03,"Nhập tự động từ Hanoi Maps — kiểm tra giờ, giá vé và loại (show/open).",
hm-100,approved,hanoi,open,film,ok,TRÌNH CHIẾU KỲ #2 - FETA 2026 / VIDEO ART SỔNG CHUỒNG — Toong Embassy,,,,,APD Center for Art Patronage and Development,"Tầng 4, Tòa nhà N01-T4, Khu Đoàn Ngoại giao, Hoàng Minh Thảo, Xuân Đỉnh, Hà Nội",21.063000,105.795160,2026-08-12,2026-10-31,,08:00,18:00,45,,,false,https://www.facebook.com/events/2498449534011903/2498449647345225?event_time_id=2498449570678566,APD Center for Art Patronage and Development,https://www.facebook.com/apdcenter.vn,Hanoi Maps,2026-10-03,"Nhập tự động từ Hanoi Maps — kiểm tra giờ, giá vé và loại (show/open).",
hm-101,approved,hanoi,open,film,ok,TRÌNH CHIẾU KỲ #2 - FETA 2026 / VIDEO ART SỔNG CHUỒNG — Toong Hoàng Đạo Thúy,,,,,APD Center for Art Patronage and Development,"Tầng 2, Tòa nhà 25T2, Trần Duy Hưng, Yên Hòa, Hà Nội",21.006710,105.801490,2026-08-12,2026-10-31,,08:00,18:00,45,,,false,https://www.facebook.com/events/2498449534011903/2498449647345225?event_time_id=2498449570678566,APD Center for Art Patronage and Development,https://www.facebook.com/apdcenter.vn,Hanoi Maps,2026-10-03,"Nhập tự động từ Hanoi Maps — kiểm tra giờ, giá vé và loại (show/open).",
hm-102,approved,hanoi,open,film,ok,TRÌNH CHIẾU KỲ #2 - FETA 2026 / VIDEO ART SỔNG CHUỒNG — Flow Haus – Ideation Space,,,,,APD Center for Art Patronage and Development,"Tầng 1, Tòa nhà Golden Palace, 54 Lê Văn Lương, Yên Hòa, Hà Nội",21.004300,105.802430,2026-08-12,2026-10-31,,09:00,18:00,45,,,false,https://www.facebook.com/events/2498449534011903/2498449647345225?event_time_id=2498449570678566,APD Center for Art Patronage and Development,https://www.facebook.com/apdcenter.vn,Hanoi Maps,2026-10-03,"Nhập tự động từ Hanoi Maps — kiểm tra giờ, giá vé và loại (show/open).",
hm-98,approved,hoan-kiem,open,film,ok,TRÌNH CHIẾU KỲ #2 - FETA 2026 / VIDEO ART SỔNG CHUỒNG — Toong Phan Bội Châu,,,,,APD Center for Art Patronage and Development,"51 Phan Bội Châu, Cửa Nam, Hà Nội",21.026480,105.843600,2026-08-12,2026-10-31,,08:00,18:00,45,,,false,https://www.facebook.com/events/2498449534011903/2498449647345225?event_time_id=2498449570678566,APD Center for Art Patronage and Development,https://www.facebook.com/apdcenter.vn,Hanoi Maps,2026-10-03,"Nhập tự động từ Hanoi Maps — kiểm tra giờ, giá vé và loại (show/open).",
hm-99,approved,hanoi,open,film,ok,TRÌNH CHIẾU KỲ #2 - FETA 2026 / VIDEO ART SỔNG CHUỒNG — Toong IPH,,,,,APD Center for Art Patronage and Development,"Tầng 3, Tòa nhà IPH, 241 Xuân Thủy, Cầu Giấy, Hà Nội",21.035880,105.782580,2026-08-12,2026-10-31,,08:00,18:00,45,,,false,https://www.facebook.com/events/2498449534011903/2498449647345225?event_time_id=2498449570678566,APD Center for Art Patronage and Development,https://www.facebook.com/apdcenter.vn,Hanoi Maps,2026-10-03,"Nhập tự động từ Hanoi Maps — kiểm tra giờ, giá vé và loại (show/open).",
hm-43,draft,hoan-kiem,show,other,ok,Đêm đọc Người Nằm Mộng,,,,,Tổ Chim Xanh - Bluebirds' Nest,"Sân tập thể ngõ 27 Đặng Dung (cạnh trường mầm non Kidsland), Hanoi, Vietnam",21.042060,105.841380,2026-09-25,2027-03-26,,20:00,,150,,,false,https://www.facebook.com/events/2562178827512677/,Tổ Chim Xanh - Bluebirds' Nest,https://www.facebook.com/tochimxanh.bluebirdsnest,Hanoi Maps,2026-10-03,Nhập tự động từ Hanoi Maps — diễn ra nhiều tuần: điền cột weekdays (vd. fri) trước khi duyệt.,
hm-41,approved,hoan-kiem,show,film,ok,Chuyên đề điện ảnh: ĐI TÌM HẠNH PHÚC,,,,,Tổ Chim Xanh - Bluebirds' Nest,"Sân tập thể ngõ 27 Đặng Dung (cạnh trường mầm non Kidsland), Hanoi, Vietnam",21.042060,105.841380,2026-09-28,2026-09-29,,19:30,,120,,,false,https://www.facebook.com/events/893853920249917/893853936916582/,Tổ Chim Xanh - Bluebirds' Nest,https://www.facebook.com/tochimxanh.bluebirdsnest,Hanoi Maps,2026-10-03,"Nhập tự động từ Hanoi Maps — kiểm tra giờ, giá vé và loại (show/open).",
hm-108,draft,hanoi,show,other,ok,Điểm Rìa bên Ảo Cảnh | At the Chimeric Edge,,,,,Á Space,"Ngõ 59 Ngô Gia Tự, Long Biên, Hà Nội (cuối ngõ rẽ phải, đi thêm 500m), Hanoi, Vietnam",21.059090,105.891170,2026-09-29,2026-09-29,,,,120,,,false,https://www.facebook.com/events/1070667798896555/,Á Space,https://www.facebook.com/a.experimental.art,Hanoi Maps,2026-10-03,"Nhập tự động từ Hanoi Maps — thiếu giờ bắt đầu hoặc link https, cần bổ sung trước khi duyệt.",
hm-110,draft,hoan-kiem,show,music,ok,Ai ai cũng có quyền được HÁT - KoFi Open Mic (since 2019),,,,,KoFi,"Đối diện số 22A Ngách 2 ngõ 46A Phạm Ngọc Thạch, Hà Nội, Hà Nội",21.010260,105.835200,2026-09-29,2026-09-29,,,,120,,,false,https://www.facebook.com/events/1972877639927657/,KoFi,https://www.facebook.com/KoFi.vn,Hanoi Maps,2026-10-03,"Nhập tự động từ Hanoi Maps — thiếu giờ bắt đầu hoặc link https, cần bổ sung trước khi duyệt.",
hm-13,approved,hoan-kiem,show,talk,ok,CƠ HỘI NGHỀ NGHIỆP TRONG NGÀNH KỸ THUẬT TẠI ĐỨC,,,,,Goethe-Institut Hanoi,"58 Phố Nguyễn Thái Học, Quận Ba Đình, Hanoi, Vietnam 100000",21.030200,105.837650,2026-09-29,2026-09-29,,18:00,,120,,,false,https://www.facebook.com/events/1079895531416258/,Goethe-Institut Hanoi,https://www.facebook.com/Goethe.Institut.Hanoi,Hanoi Maps,2026-10-03,"Nhập tự động từ Hanoi Maps — kiểm tra giờ, giá vé và loại (show/open).",
hm-6,approved,hoan-kiem,open,film,ok,TRÌNH CHIẾU KỲ #2 - FETA 2026 / VIDEO ART SỔNG CHUỒNG,,,,,APD Center for Art Patronage and Development,"Creative Square. 1 Lương Yên, Bạch Đằng, Hai Bà Trưng, Hanoi, Vietnam 10000",21.011700,105.863290,2026-09-29,2026-10-05,,09:00,18:00,45,,,false,https://www.facebook.com/events/2498449534011903/,APD Center for Art Patronage and Development,https://www.facebook.com/apdcenter.vn,Hanoi Maps,2026-10-03,"Nhập tự động từ Hanoi Maps — kiểm tra giờ, giá vé và loại (show/open).",
hm-85,approved,hoan-kiem,show,film,ok,Hạnh phúc | Le Bonheur (1965) | Weekly Movie Gathering | 29.09.2026,,,,,Tổ Chim Xanh - Bluebirds' Nest,"Sân tập thể ngõ 27 Đặng Dung (cạnh trường mầm non Kidsland), Hanoi, Vietnam",21.042060,105.841380,2026-09-29,2026-09-29,,19:30,,120,,,false,https://www.facebook.com/events/1088311697343854,Tổ Chim Xanh - Bluebirds' Nest,https://www.facebook.com/tochimxanh.bluebirdsnest,Hanoi Maps,2026-10-03,"Nhập tự động từ Hanoi Maps — kiểm tra giờ, giá vé và loại (show/open).",
hm-104,approved,hoan-kiem,show,music,adult,"Vocal Jazz Trio 103 - ""EVERYTHING I WANTED"" - BILLIE EILISH IN THE JAZZ LANGUAGE BY JULIE",,,,,Long Waits a modest jazz club,Long Waits a modest jazz club,21.032510,105.845650,2026-09-30,2026-09-30,,21:00,,120,,,false,https://www.facebook.com/events/1025961230466866/,Long Waits a modest jazz club,https://www.facebook.com/Longwaitsjazz,Hanoi Maps,2026-10-03,"Nhập tự động từ Hanoi Maps — kiểm tra giờ, giá vé và loại (show/open).",
hm-115,draft,hoan-kiem,show,music,ok,Ai ai cũng có quyền được HÁT - KoFi Open Mic (since 2019),,,,,KoFi,"Đối diện số 22A Ngách 2 ngõ 46A Phạm Ngọc Thạch, Hà Nội, Hà Nội",21.010260,105.835200,2026-09-30,2026-09-30,,,,120,,,false,https://www.facebook.com/events/1972877639927657/,KoFi,https://www.facebook.com/KoFi.vn,Hanoi Maps,2026-10-03,"Nhập tự động từ Hanoi Maps — thiếu giờ bắt đầu hoặc link https, cần bổ sung trước khi duyệt.",
hm-31,approved,hanoi,show,other,ok,HANOI SWING OUT in SEPTEMBER,,,,,COMPLEX 01,"29 ngách 31 ngõ 167 Tây Sơn, Hanoi, Vietnam 100000",21.010560,105.826720,2026-09-30,2026-09-30,,19:30,,120,,,false,https://www.facebook.com/events/1599023525228888/,COMPLEX 01,https://www.facebook.com/complex01.vn,Hanoi Maps,2026-10-03,"Nhập tự động từ Hanoi Maps — kiểm tra giờ, giá vé và loại (show/open).",
hm-105,approved,hoan-kiem,show,music,adult,LIVE CONCERT CROSSOVER JAZZ 26: FROM STANDARDS TO CONTEMPORARY JAZZ,,,,,Long Waits a modest jazz club,Long Waits a modest jazz club,21.032510,105.845650,2026-10-02,2026-10-03,,21:00,,120,,,false,https://www.facebook.com/events/928938886642083/,Long Waits a modest jazz club,https://www.facebook.com/Longwaitsjazz,Hanoi Maps,2026-10-03,"Nhập tự động từ Hanoi Maps — kiểm tra giờ, giá vé và loại (show/open).",
hm-124,approved,hoan-kiem,show,other,ok,When Two Waves Meet,,,,,GIAO Collective,Nhà Hát Ca Múa Nhạc Thăng Long,21.033200,105.850380,2026-10-02,2026-10-02,,20:00,,120,,,false,https://www.facebook.com/events/917254784477401/,GIAO Collective,https://www.facebook.com/61594236791029,Hanoi Maps,2026-10-03,"Nhập tự động từ Hanoi Maps — kiểm tra giờ, giá vé và loại (show/open).",
hm-125,draft,hoan-kiem,show,other,ok,AN EVENING OF FUEGO & FIESTA BUFFET DINNER,,,,,Miss Qs,"Tầng 4, Hanoi Tower - 49 Hai Bà Trưng, Hoàn Kiếm, Hanoi, Vietnam 100000",21.023260,105.850440,2026-10-02,2026-10-02,,18:30,,120,,,false,,Miss Qs,https://www.facebook.com/missqsvietnam,Hanoi Maps,2026-10-03,"Nhập tự động từ Hanoi Maps — thiếu giờ bắt đầu hoặc link https, cần bổ sung trước khi duyệt.",
hm-129,approved,hoan-kiem,show,music,ok,Đêm Hoan ca,,,,,Ca đoàn Gloria,"Số 40 Nhà Chung, Hà Nội",21.027510,105.849140,2026-10-02,2026-10-02,,20:00,,120,,,false,https://www.facebook.com/events/2173786423544868/,Ca đoàn Gloria,https://www.facebook.com/cadoangloria.hn,Hanoi Maps,2026-10-03,"Nhập tự động từ Hanoi Maps — kiểm tra giờ, giá vé và loại (show/open).",
hm-137,approved,hanoi,show,music,ok,Đêm Nhạc Tình Ca: VỀ LẠI PHỐ XƯA,,,,,Phòng Trà Trịnh Ca,Phòng Trà Trịnh Ca,21.040920,105.792940,2026-10-02,2026-10-02,,20:00,,120,,,false,https://www.facebook.com/events/1454075539985263/,Phòng Trà Trịnh Ca,https://www.facebook.com/PhongTraTrinhCa,Hanoi Maps,2026-10-03,"Nhập tự động từ Hanoi Maps — kiểm tra giờ, giá vé và loại (show/open).",
hm-5,draft,hoan-kiem,show,music,ok,VIETNAM AIRLINES CLASSIC - HANOI CONCERT 2026,,,,,Nhà hát Hồ Gươm,"Nhà hát Hồ Gươm, 40 Hàng Bài",21.022074,105.852173,2026-10-02,2026-10-03,,,,180,,,true,https://hoguomopera.vn/en/chuong-trinh-bieu-dien/vietnam-airlines-classic-hanoi-concert-2058,Nhà hát Hồ Gươm,https://www.facebook.com/nhahathoguom,Hanoi Maps,2026-10-03,"Nhập tự động từ Hanoi Maps — thiếu giờ bắt đầu hoặc link https, cần bổ sung trước khi duyệt. Cũng có trong sheet VH-GT: London Symphony Orchestra, Sir Antonio Pappano chỉ huy; vé trên https://hoguomopera.com/",
hm-107,approved,hoan-kiem,show,exhibition,ok,Sắc Tâm 2026 - Triển lãm Sơn mài & Trầm hương,,,,,Nguyen Art Gallery,Văn Miếu - Quốc Tử Giám,21.028120,105.835670,2026-10-03,2026-10-03,,18:30,,120,,,false,https://www.facebook.com/events/1632381955277278/,Nguyen Art Gallery,https://www.facebook.com/NguyenArtGalleryVietnam,Hanoi Maps,2026-10-03,"Nhập tự động từ Hanoi Maps — kiểm tra giờ, giá vé và loại (show/open).",
hm-112,approved,hanoi,open,exhibition,ok,Triển lãm 'Thiên Hà Lam' | Azure Galaxy,,,,,VCCA Vincom Center for Contemporary Art,VCCA Vincom Center for Contemporary Art,21.003150,105.814810,2026-10-03,2026-10-09,,10:00,18:00,45,,,false,https://www.facebook.com/events/1635130714811843/,VCCA Vincom Center for Contemporary Art,https://www.facebook.com/VCCAVIETNAM,Hanoi Maps,2026-10-03,"Nhập tự động từ Hanoi Maps — kiểm tra giờ, giá vé và loại (show/open).",
hm-116,approved,hoan-kiem,show,talk,ok,Ra mắt cuốn sách “Dấu vân tay của phố” - Tác giả Nguyễn Trương Quý,,,,,Nhã Nam,"2 Phố Lê Thái Tổ, Phường Hàng Trống, Quận Hoàn Kiếm, Hà Nội, Việt Nam",21.031610,105.851040,2026-10-03,2026-10-03,,09:00,,120,,,false,https://www.facebook.com/events/1751119456005253/,Nhã Nam,https://www.facebook.com/nhanampublishing,Hanoi Maps,2026-10-03,"Nhập tự động từ Hanoi Maps — kiểm tra giờ, giá vé và loại (show/open).",
hm-118,approved,hoan-kiem,show,talk,ok,CHƯƠNG TRÌNH ĐỐI THOẠI VỀ ĐỨC TIN QUA TÁC PHẨM VĂN CHƯƠNG “BÊN KIA IM LẶNG”,,,,women-museum,Sống - Sách và Tri thức Việt,Nhà Thờ Lớn Hà Nội,21.023650,105.851200,2026-10-03,2026-10-03,,15:30,,120,,,false,https://www.facebook.com/events/28327302786939702/,Sống - Sách và Tri thức Việt,https://www.facebook.com/songbooks,Hanoi Maps,2026-10-03,"Nhập tự động từ Hanoi Maps — kiểm tra giờ, giá vé và loại (show/open).",
hm-119,approved,hoan-kiem,show,music,ok,Bán Vé Liveshow Đêm Nhạc Âm Nhạc & Điện Ảnh 2 – Musique De Salon 22 – Ngày 03/10/2026 Tại Hà Nội,,,,,Liveshow Hay - Đơn Vị Bán Vé Chính Thống,Cung Văn Hoá Hữu Nghị Việt Xô,21.021980,105.843970,2026-10-03,2026-10-03,,20:15,,120,,,false,https://www.facebook.com/events/1052527420808266/,Liveshow Hay - Đơn Vị Bán Vé Chính Thống,https://www.facebook.com/liveshowhay.vn,Hanoi Maps,2026-10-03,"Nhập tự động từ Hanoi Maps — kiểm tra giờ, giá vé và loại (show/open). Cũng có trong sheet VH-GT: giá từ 900.000đ, tại Cung Văn hoá Lao động Hữu nghị Việt Xô (nguồn vticket.com.vn).",
hm-126,approved,hanoi,show,other,ok,No Headliner Good Gig giới thiệu: Hali & KIKI,,,,,No Headliner,"HUB Cổng Nối, 02 Trịnh Công Sơn, phường Tây Hồ, Hà Nội",21.076160,105.816040,2026-10-03,2026-10-03,,19:00,,120,,,false,https://www.facebook.com/events/1411688894468096/,No Headliner,https://www.facebook.com/noheadliner.co,Hanoi Maps,2026-10-03,"Nhập tự động từ Hanoi Maps — kiểm tra giờ, giá vé và loại (show/open).",
hm-127,approved,hanoi,show,other,ok,Thu Đi Qua Mùa Nhớ,,,,,Must Hanoi,Hanoi,20.974850,105.652740,2026-10-03,2026-10-03,,19:30,,120,,,false,https://www.facebook.com/events/1615642803242820/,Must Hanoi,https://www.facebook.com/100087176132410,Hanoi Maps,2026-10-03,"Nhập tự động từ Hanoi Maps — kiểm tra giờ, giá vé và loại (show/open).",
hm-131,approved,hanoi,show,music,ok,mối / Phuc海福 & Band / Lưu Thanh Duy,,,,,JamBox,"142 An Duong Vuong, Tay Ho, Vietnam 1000",21.090260,105.811370,2026-10-03,2026-10-03,,20:30,,120,,,false,https://www.facebook.com/events/1616720153146119/,JamBox,https://www.facebook.com/61557430405207,Hanoi Maps,2026-10-03,"Nhập tự động từ Hanoi Maps — kiểm tra giờ, giá vé và loại (show/open).",
hm-135,approved,hoan-kiem,show,workshop,ok,Stage Design - Workshop (free entrance),,,,,Studio 13,"13 Hàng Bông, Hàng Trống, Hoàn Kiếm, Hanoi, Vietnam 100000",21.032310,105.847920,2026-10-03,2026-10-03,,09:30,,120,,,false,https://www.facebook.com/events/1701721660889986/,Studio 13,https://www.facebook.com/studio13culturehub,Hanoi Maps,2026-10-03,"Nhập tự động từ Hanoi Maps — kiểm tra giờ, giá vé và loại (show/open).",
hm-14,approved,hoan-kiem,show,film,ok,French Cinema Rendez-vous,,,,,Viện Pháp tại Việt Nam - Hà Nội,"Viện Pháp tại Hà Nội, 15 Thiền Quang, Hai Bà Trưng, Hà Nội, Hanoi, Vietnam 100000",21.019650,105.842560,2026-10-03,2026-10-03,,12:00,,120,,,false,https://www.facebook.com/events/1629214782106851/1629214798773516/,Viện Pháp tại Việt Nam - Hà Nội,https://www.facebook.com/IFVHanoi,Hanoi Maps,2026-10-03,"Nhập tự động từ Hanoi Maps — kiểm tra giờ, giá vé và loại (show/open).",
hm-42,approved,hoan-kiem,show,other,ok,"MỘT GIỜ ĐỌC SÂU: Ngày hôm sau - Chuyển tiếp, Đổi thay và Bước tới",,,,,Nhà xuất bản Phụ nữ Việt Nam,Tổ Chim Xanh - Bluebirds' Nest,21.041940,105.841430,2026-10-03,2026-10-03,,09:00,,120,,,false,https://www.facebook.com/events/1093179976739618/,Nhà xuất bản Phụ nữ Việt Nam,https://www.facebook.com/tochimxanh.bluebirdsnest,Hanoi Maps,2026-10-03,"Nhập tự động từ Hanoi Maps — kiểm tra giờ, giá vé và loại (show/open).",
hm-109,approved,hoan-kiem,show,film,ok,Hà Nội ảnh phim in trên giấy Dó,,,,,Zó Project,"66 Hàng Trống, Hà Nội",21.024730,105.849350,2026-10-04,2026-10-04,,10:00,,120,,,false,https://www.facebook.com/events/1559220849292314/,Zó Project,https://www.facebook.com/zoproject,Hanoi Maps,2026-10-03,"Nhập tự động từ Hanoi Maps — kiểm tra giờ, giá vé và loại (show/open).",
hm-111,approved,hanoi,show,music,adult,47th Hanoi Enthusiastic Music Festival-第47回河内熱饗音楽祭,,,,,河内熱饗音楽隊　Hanoi Enthusiastic Club Band,Polygon Musik,21.010730,105.826760,2026-10-04,2026-10-04,,13:00,,120,,,false,https://www.facebook.com/events/4651833831767124/,河内熱饗音楽隊　Hanoi Enthusiastic Club Band,https://www.facebook.com/polygon.cafe,Hanoi Maps,2026-10-03,"Nhập tự động từ Hanoi Maps — kiểm tra giờ, giá vé và loại (show/open).",
hm-117,approved,hoan-kiem,show,talk,ok,Ra mắt sách Hương vị phố cổ Hà Nội - Ký hoạ và tuỳ bút,,,,,Nhã Nam,"2 Phố Lê Thái Tổ, Phường Hàng Trống, Quận Hoàn Kiếm, Hà Nội, Việt Nam",21.031610,105.851040,2026-10-04,2026-10-04,,09:00,,120,,,false,https://www.facebook.com/events/2809153252893866/,Nhã Nam,https://www.facebook.com/nhanampublishing,Hanoi Maps,2026-10-03,"Nhập tự động từ Hanoi Maps — kiểm tra giờ, giá vé và loại (show/open).",
hm-128,approved,hoan-kiem,show,music,ok,[một cuộc chơi][cùng nhau] #3,,,,,Vietnam Youth Music Institute - VYMI,Nhà hát Hồ Gươm,21.028940,105.852410,2026-10-04,2026-10-04,,15:00,,120,,,false,https://www.facebook.com/events/2299029704167740/,Vietnam Youth Music Institute - VYMI,https://www.facebook.com/vietnamyouthmusicinstitute,Hanoi Maps,2026-10-03,"Nhập tự động từ Hanoi Maps — kiểm tra giờ, giá vé và loại (show/open).",
hm-132,approved,hanoi,show,other,ok,Hot Ones the Spicy Challenge,,,,,JamBox,"142 An Duong Vuong, Tay Ho, Vietnam 1000",21.090260,105.811370,2026-10-04,2026-10-04,,15:00,,120,,,false,https://www.facebook.com/events/1409420651161637/,JamBox,https://www.facebook.com/61557430405207,Hanoi Maps,2026-10-03,"Nhập tự động từ Hanoi Maps — kiểm tra giờ, giá vé và loại (show/open).",
hm-133,approved,hanoi,show,other,ok,Hanoi Bluegrass Jam Session #3 at JamBox,,,,,JamBox,"142 An Duong Vuong, Tay Ho, Hanoi, Vietnam",21.089900,105.813370,2026-10-04,2026-10-04,,17:00,,120,,,false,https://www.facebook.com/events/1615954913527688/,JamBox,https://www.facebook.com/61557430405207,Hanoi Maps,2026-10-03,"Nhập tự động từ Hanoi Maps — kiểm tra giờ, giá vé và loại (show/open).",
hm-134,approved,hanoi,show,other,ok,"Sunday Sunset Jams at JamBox, Hanoi",,,,,JamBox,"142 An Duong Vuong, Tay Ho, Vietnam 1000",21.090260,105.811370,2026-10-04,2026-10-04,,18:00,,120,,,false,https://www.facebook.com/events/1144990467853637/,JamBox,https://www.facebook.com/61557430405207,Hanoi Maps,2026-10-03,"Nhập tự động từ Hanoi Maps — kiểm tra giờ, giá vé và loại (show/open).",
hm-138,approved,hoan-kiem,show,workshop,ok,ĐIỆP SA | WORKSHOP SÁNG TẠO VẬT PHẨM TRANG TRÍ,,,,,Thanh Di,"Tầng 4, Số 7, ngõ 12A Lý Nam Đế, Hanoi, Vietnam 10000",21.038130,105.845580,2026-10-04,2026-10-04,,14:00,,120,,,false,https://www.facebook.com/events/983942264727761/,Thanh Di,https://www.facebook.com/thanhdiary,Hanoi Maps,2026-10-03,"Nhập tự động từ Hanoi Maps — kiểm tra giờ, giá vé và loại (show/open).",
hm-68,approved,hoan-kiem,show,talk,ok,"MÙA THU ĐỌC SÁCH: Ngày hôm sau - Chuyển tiếp, Đổi thay và Bước tới",,,,,Nhà xuất bản Phụ nữ Việt Nam,Hồ Hoàn Kiếm,21.029675,105.853320,2026-10-04,2026-10-04,,15:00,,120,,,false,https://www.facebook.com/events/1377821320735080,Nhà xuất bản Phụ nữ Việt Nam,https://www.facebook.com/nxbphunu,Hanoi Maps,2026-10-03,"Nhập tự động từ Hanoi Maps — kiểm tra giờ, giá vé và loại (show/open).",
hm-103,approved,hoan-kiem,show,other,ok,"SÁNG TÁC BẰNG TIẾNG PHÁP – CÂU CHUYỆN VỀ NGÔN NGỮ, HÀNH TRÌNH CỦA NGÔN TỪ",,,,,Viện Pháp tại Việt Nam - Hà Nội,"Viện Pháp tại Hà Nội, 15 Thiền Quang, Hai Bà Trưng, Hà Nội, Hanoi, Vietnam 100000",21.019650,105.842560,2026-10-08,2026-10-08,,12:00,,120,,,false,https://www.facebook.com/events/1057367410620195/,Viện Pháp tại Việt Nam - Hà Nội,https://www.facebook.com/IFVHanoi,Hanoi Maps,2026-10-03,"Nhập tự động từ Hanoi Maps — kiểm tra giờ, giá vé và loại (show/open).",
hm-113,draft,hanoi,show,music,ok,ĐÊM NHẠC 86TH HEAVENLY BIRTHDAY OF JOHN LENNON,,,,,Polygon Musik,"29, Ngách 31, Ngõ 167 Tây Sơn , Hanoi, Vietnam 100000",21.010560,105.826720,2026-10-09,2026-11-15,,21:00,,120,,,false,https://www.facebook.com/events/1815713762990827/,Polygon Musik,https://www.facebook.com/polygon.cafe,Hanoi Maps,2026-10-03,Nhập tự động từ Hanoi Maps — diễn ra nhiều tuần: điền cột weekdays (vd. fri) trước khi duyệt.,
hm-130,approved,hanoi,show,music,ok,Open Mic Friday's at JamBox - 8pm till late,,,,,JamBox,"142 An Duong Vuong, Tay Ho, Vietnam 1000",21.090260,105.811370,2026-10-09,2026-10-09,,20:00,,120,,,false,https://www.facebook.com/events/2719103081818718/,JamBox,https://www.facebook.com/61557430405207,Hanoi Maps,2026-10-03,"Nhập tự động từ Hanoi Maps — kiểm tra giờ, giá vé và loại (show/open).",
hm-136,approved,hanoi,show,theatre,ok,JULIET & ROMEO,,,,,ATH Theatre,"No.1 Alley 12B Thạch Cầu, Long Biên, Hà Nội, Hanoi, Vietnam",21.024620,105.882530,2026-10-09,2026-10-11,,20:00,,120,,,false,https://www.facebook.com/events/1821369555535413/,ATH Theatre,https://www.facebook.com/ATHTheatre,Hanoi Maps,2026-10-03,"Nhập tự động từ Hanoi Maps — kiểm tra giờ, giá vé và loại (show/open).",
hm-140,approved,hoan-kiem,show,exhibition,ok,Khai mạc và Art Tour/Artist Talk Triển lãm Huyễn Sắc Xoay Vần | Spinning Ghost Colors của Kito,,,,,The Japan Foundation Center for Cultural Exchange in Vietnam,"27 P. Quang Trung, Cửa Nam, Hà Nội, Hanoi, Vietnam",21.021800,105.848770,2026-10-09,2026-10-09,,10:00,,120,,,false,https://www.facebook.com/events/4378425645624292/,The Japan Foundation Center for Cultural Exchange in Vietnam,https://www.facebook.com/japanfoundation.vietnam,Hanoi Maps,2026-10-03,"Nhập tự động từ Hanoi Maps — kiểm tra giờ, giá vé và loại (show/open).",
hm-114,approved,hanoi,show,other,ok,milkiwav presents: WAV,,,,,milkiwav.cult,Polygon Musik,21.010730,105.826760,2026-10-10,2026-10-10,,19:00,,120,,,false,https://www.facebook.com/events/1075107441807563/,milkiwav.cult,https://www.facebook.com/polygon.cafe,Hanoi Maps,2026-10-03,"Nhập tự động từ Hanoi Maps — kiểm tra giờ, giá vé và loại (show/open).",
hm-139,approved,hoan-kiem,open,exhibition,ok,Triển lãm Huyễn Sắc Xoay Vần | Spinning Ghost Colors của Kito,,,,,The Japan Foundation Center for Cultural Exchange in Vietnam,"27 P. Quang Trung, Cửa Nam, Hà Nội, Hanoi, Vietnam",21.021800,105.848770,2026-10-10,2026-10-14,,09:00,18:00,45,,,false,https://www.facebook.com/events/2499486973795017/,The Japan Foundation Center for Cultural Exchange in Vietnam,https://www.facebook.com/japanfoundation.vietnam,Hanoi Maps,2026-10-03,"Nhập tự động từ Hanoi Maps — kiểm tra giờ, giá vé và loại (show/open).",
hm-16,approved,hanoi,show,music,ok,CPAN - HANOI CLASSICAL GUITAR CONCERT No.27: HÀ NỘI MÙA THU,,,,,Cà phê Thứ Bảy Hà Nội,"Shop house 09 Park 1, Times City, 458 Minh Khai, quận Hai Bà Trưng, Hà Nội , Hanoi, Vietnam",20.994240,105.868000,2026-10-11,2026-10-11,,19:30,,120,,,false,https://www.facebook.com/events/1092321513765808/,Cà phê Thứ Bảy Hà Nội,https://www.facebook.com/100063618098892,Hanoi Maps,2026-10-03,"Nhập tự động từ Hanoi Maps — kiểm tra giờ, giá vé và loại (show/open).",
hm-120,approved,hoan-kiem,show,music,ok,BÁN VÉ LIVESHOW ĐÊM NHẠC PHÚ QUANG – CÒN MÃI MỘT TÌNH YÊU NGÀY 12/10/2026 TẠI HÀ NỘI – VÉ ĐẸP TỪ BAN,,,,,Liveshow Hay - Đơn Vị Bán Vé Chính Thống,Nhà hát Hồ Gươm,21.022070,105.852170,2026-10-12,2026-10-12,,20:00,,120,,,false,https://www.facebook.com/events/1079633904462505/,Liveshow Hay - Đơn Vị Bán Vé Chính Thống,https://www.facebook.com/liveshowhay.vn,Hanoi Maps,2026-10-03,"Nhập tự động từ Hanoi Maps — kiểm tra giờ, giá vé và loại (show/open).",
hm-121,approved,hoan-kiem,show,music,ok,"BÁN VÉ LIVESHOW TRỊNH CÔNG SƠN, VĂN CAO - TỪ THIÊN THAI ĐẾN Ở TRỌ, 14/10 - VÉ ĐẸP TỪ BAN TỔ CHỨC",,,,,Liveshow Hay - Đơn Vị Bán Vé Chính Thống,Nhà hát Hồ Gươm,21.022070,105.852170,2026-10-14,2026-10-14,,20:00,,120,,,false,https://www.facebook.com/events/1710658106689086/,Liveshow Hay - Đơn Vị Bán Vé Chính Thống,https://www.facebook.com/liveshowhay.vn,Hanoi Maps,2026-10-03,"Nhập tự động từ Hanoi Maps — kiểm tra giờ, giá vé và loại (show/open).",
hm-86,approved,hoan-kiem,show,music,ok,Hòa nhạc đặt vé trước số 187,,,,,VNSO - Dàn nhạc Giao hưởng Việt Nam,"Phòng hòa nhạc Lớn VNAM, 77 Hào Nam, Ô Chợ Dừa, Hà Nội",21.022790,105.826220,2026-10-16,2026-10-16,,20:00,,120,,,true,https://www.vnso.org.vn/vi/dat-ve/H%C3%B2a%20nh%E1%BA%A1c%20%C4%91%E1%BA%B7t%20v%C3%A9%20tr%C6%B0%E1%BB%9Bc%20s%E1%BB%91%20187-11,VNSO - Dàn nhạc Giao hưởng Việt Nam,https://www.vnso.org.vn,Hanoi Maps,2026-10-03,"Nhập tự động từ Hanoi Maps — kiểm tra giờ, giá vé và loại (show/open). Cũng có trong sheet VH-GT: giá từ 500.000đ (nguồn ticketgo.vn).",
hm-17,approved,hanoi,show,other,ok,GG & ĐT : LÀNG VĂN HIẾN VEN SÔNG TRONG ĐÔ THỊ HIỆN ĐẠI,,,,,Cà phê Thứ Bảy Hà Nội,"Shop house 09 Park 1, Times City, 458 Minh Khai, quận Hai Bà Trưng, Hà Nội , Hanoi, Vietnam",20.994240,105.868000,2026-10-17,2026-10-17,,14:00,,120,,,false,https://www.facebook.com/events/1058694043540541/,Cà phê Thứ Bảy Hà Nội,https://www.facebook.com/100063618098892,Hanoi Maps,2026-10-03,"Nhập tự động từ Hanoi Maps — kiểm tra giờ, giá vé và loại (show/open).",
hm-122,approved,hoan-kiem,show,music,ok,BÁN VÉ ĐÊM NHẠC LIVESHOW TRUNG QUÂN IDOL – NGÀY 18/10/2026 TẠI HÀ NỘI – VÉ ĐẸP TỪ BAN TỔ CHỨC,,,,,Liveshow Hay - Đơn Vị Bán Vé Chính Thống,Cung Văn Hoá Hữu Nghị Việt Xô,21.021980,105.843970,2026-10-18,2026-10-18,,20:00,,120,,,false,https://www.facebook.com/events/1172240712000227/,Liveshow Hay - Đơn Vị Bán Vé Chính Thống,https://www.facebook.com/liveshowhay.vn,Hanoi Maps,2026-10-03,"Nhập tự động từ Hanoi Maps — kiểm tra giờ, giá vé và loại (show/open).",
hm-18,approved,hanoi,show,other,ok,CP GG&ĐT: CHÁNH NIỆM SINH THÁI: TIẾP CẬN PHẬT GIÁO TRONG BẢO VỆ MÔI TRƯỜNG,,,,,Cà phê Thứ Bảy Hà Nội,"Shop house 09 Park 1, Times City, 458 Minh Khai, quận Hai Bà Trưng, Hà Nội , Hanoi, Vietnam",20.994240,105.868000,2026-10-18,2026-10-18,,15:00,,120,,,false,https://www.facebook.com/events/1309623714449570/,Cà phê Thứ Bảy Hà Nội,https://www.facebook.com/100063618098892,Hanoi Maps,2026-10-03,"Nhập tự động từ Hanoi Maps — kiểm tra giờ, giá vé và loại (show/open).",
hm-123,approved,hanoi,show,music,ok,"Bán Vé Liveshow Đêm Nhạc – Liveconcert Người Tình 9 – Lệ Quyên, Phan Mạnh Quỳnh 20/10/2026",,,,,Liveshow Hay - Đơn Vị Bán Vé Chính Thống,Trung Tâm Hội Nghị Quốc Gia,21.005630,105.787610,2026-10-20,2026-10-20,,19:30,,120,,,false,https://www.facebook.com/events/1035871819234813/,Liveshow Hay - Đơn Vị Bán Vé Chính Thống,https://www.facebook.com/liveshowhay.vn,Hanoi Maps,2026-10-03,"Nhập tự động từ Hanoi Maps — kiểm tra giờ, giá vé và loại (show/open).",
hm-4,draft,hoan-kiem,show,music,ok,"HOÀ NHẠC ""KHÚC HOAN CA""",,,,,Nhà hát Hồ Gươm,"Nhà hát Hồ Gươm, 40 Hàng Bài",21.022074,105.852173,2026-10-24,2026-10-25,,,,180,,,true,https://hoguomopera.vn/en/chuong-trinh-bieu-dien/khuc-hoan-ca-2063,Nhà hát Hồ Gươm,https://www.facebook.com/nhahathoguom,Hanoi Maps,2026-10-03,"Nhập tự động từ Hanoi Maps — thiếu giờ bắt đầu hoặc link https, cần bổ sung trước khi duyệt.",
hm-92,approved,hoan-kiem,show,music,ok,Hòa nhạc Vietcombank,,,,,VNSO - Dàn nhạc Giao hưởng Việt Nam,"Nhà hát Hồ Gươm, Hà Nội",21.022070,105.852170,2026-11-01,2026-11-01,,20:00,,120,,,true,https://www.vnso.org.vn/vi/dat-ve/hoa-nhac-vietcombank-34,VNSO - Dàn nhạc Giao hưởng Việt Nam,https://www.vnso.org.vn,Hanoi Maps,2026-10-03,"Nhập tự động từ Hanoi Maps — kiểm tra giờ, giá vé và loại (show/open).",
hm-93,approved,hoan-kiem,show,music,ok,Hòa nhạc cổ điển SM tại VIệt Nam,,,,,VNSO - Dàn nhạc Giao hưởng Việt Nam,"Nhà hát Hồ Gươm, Hà Nội",21.022070,105.852170,2026-11-05,2026-11-05,,20:00,,120,,,true,https://www.vnso.org.vn/vi/dat-ve/hoa-nhac-co-dien-sm-tai-viet-nam-32,VNSO - Dàn nhạc Giao hưởng Việt Nam,https://www.vnso.org.vn,Hanoi Maps,2026-10-03,"Nhập tự động từ Hanoi Maps — kiểm tra giờ, giá vé và loại (show/open).",
hm-89,approved,hoan-kiem,show,music,ok,VYMI Family Concert,,,,,VNSO - Dàn nhạc Giao hưởng Việt Nam,"Phòng hòa nhạc Lớn VNAM, 77 Hào Nam, Ô Chợ Dừa, Hà Nội",21.022790,105.826220,2026-11-14,2026-11-14,,20:00,,120,,,true,https://www.vnso.org.vn/vi/dat-ve/h%C3%B2a-nh%E1%BA%A1c-gia-%C4%91%C3%ACnh-Vymi-33,VNSO - Dàn nhạc Giao hưởng Việt Nam,https://www.vnso.org.vn,Hanoi Maps,2026-10-03,"Nhập tự động từ Hanoi Maps — kiểm tra giờ, giá vé và loại (show/open).",
hm-87,approved,hoan-kiem,show,music,ok,Hòa nhạc đặt vé trước số 188,,,,,VNSO - Dàn nhạc Giao hưởng Việt Nam,"Phòng hòa nhạc Lớn VNAM, 77 Hào Nam, Ô Chợ Dừa, Hà Nội",21.022790,105.826220,2026-11-25,2026-11-25,,20:00,,120,,,true,https://www.vnso.org.vn/vi/dat-ve/H%C3%B2a%20nh%E1%BA%A1c%20%C4%91%E1%BA%B7t%20v%C3%A9%20tr%C6%B0%E1%BB%9Bc%20s%E1%BB%91%20188-12,VNSO - Dàn nhạc Giao hưởng Việt Nam,https://www.vnso.org.vn,Hanoi Maps,2026-10-03,"Nhập tự động từ Hanoi Maps — kiểm tra giờ, giá vé và loại (show/open).",
hm-94,approved,hoan-kiem,show,music,ok,Hòa nhạc kỷ niệm 125 năm khách sạn Metropole: Những tác phẩm Mozart vượt thời gian cùng VNSO,,,,,VNSO - Dàn nhạc Giao hưởng Việt Nam,"Khách sạn Metropole, Hà Nội",21.025410,105.856370,2026-12-05,2026-12-05,,20:00,,120,,,true,https://www.vnso.org.vn/vi/dat-ve/hoa-nhac-ky-niem-125-nam-khach-san-metropole-nhung-tac-pham-mozart-vuot-thoi-gian-cung-vnso-35,VNSO - Dàn nhạc Giao hưởng Việt Nam,https://www.vnso.org.vn,Hanoi Maps,2026-10-03,"Nhập tự động từ Hanoi Maps — kiểm tra giờ, giá vé và loại (show/open).",
hm-95,approved,hoan-kiem,show,music,ok,Hòa nhạc từ thiện giáng sinh,,,,cathedral,VNSO - Dàn nhạc Giao hưởng Việt Nam,"Nhà thờ lớn Hà Nội, Hà Nội",21.028677,105.848506,2026-12-26,2026-12-26,,20:00,,120,,,true,https://www.vnso.org.vn/vi/dat-ve/hoa-nhac-tu-thien-giang-sinh-18,VNSO - Dàn nhạc Giao hưởng Việt Nam,https://www.vnso.org.vn,Hanoi Maps,2026-10-03,"Nhập tự động từ Hanoi Maps — kiểm tra giờ, giá vé và loại (show/open).",
hm-90,approved,hoan-kiem,show,music,ok,Chùm tác phẩm Haydn,,,,,VNSO - Dàn nhạc Giao hưởng Việt Nam,"Phòng hòa nhạc Lớn VNAM, 77 Hào Nam, Ô Chợ Dừa, Hà Nội",21.022790,105.826220,2026-12-31,2026-12-31,,20:00,,120,,,false,https://www.vnso.org.vn/vi/dat-ve/chum-tac-pham-haydn-20,VNSO - Dàn nhạc Giao hưởng Việt Nam,https://www.vnso.org.vn,Hanoi Maps,2026-10-03,"Nhập tự động từ Hanoi Maps — kiểm tra giờ, giá vé và loại (show/open).",
hm-91,approved,hoan-kiem,show,music,ok,Chùm tác phẩm Tchaikovsky,,,,,VNSO - Dàn nhạc Giao hưởng Việt Nam,"Phòng hòa nhạc Lớn VNAM, 77 Hào Nam, Ô Chợ Dừa, Hà Nội",21.022790,105.826220,2026-12-31,2026-12-31,,20:00,,120,,,false,https://www.vnso.org.vn/vi/dat-ve/chum-tac-pham-tchaikovsky-21,VNSO - Dàn nhạc Giao hưởng Việt Nam,https://www.vnso.org.vn,Hanoi Maps,2026-10-03,"Nhập tự động từ Hanoi Maps — kiểm tra giờ, giá vé và loại (show/open).",
hm-96,approved,hoan-kiem,show,music,ok,"Chuỗi hòa nhạc ""Âm nhạc từ thành viên"" I",,,,,VNSO - Dàn nhạc Giao hưởng Việt Nam,"Nhà hát Hồ Gươm, Hà Nội",21.022070,105.852170,2027-01-17,2027-01-17,,12:00,,120,,,true,https://www.vnso.org.vn/vi/dat-ve/chuoi-hoa-nhac-am-nhac-tu-thanh-vien-i-29,VNSO - Dàn nhạc Giao hưởng Việt Nam,https://www.vnso.org.vn,Hanoi Maps,2026-10-03,"Nhập tự động từ Hanoi Maps — kiểm tra giờ, giá vé và loại (show/open).",
hm-88,approved,hoan-kiem,show,music,ok,Hòa nhạc đặt vé trước số 189,,,,,VNSO - Dàn nhạc Giao hưởng Việt Nam,"Phòng hòa nhạc Lớn VNAM, 77 Hào Nam, Ô Chợ Dừa, Hà Nội",21.022790,105.826220,2027-01-27,2027-01-27,,20:00,,120,,,true,https://www.vnso.org.vn/vi/dat-ve/H%C3%B2a%20nh%E1%BA%A1c%20%C4%91%E1%BA%B7t%20v%C3%A9%20tr%C6%B0%E1%BB%9Bc%20s%E1%BB%91%20189-13,VNSO - Dàn nhạc Giao hưởng Việt Nam,https://www.vnso.org.vn,Hanoi Maps,2026-10-03,"Nhập tự động từ Hanoi Maps — kiểm tra giờ, giá vé và loại (show/open).",
vh-le-hoi-van-hoa-the-gioi-2026,approved,hoan-kiem,open,festival,ok,"Lễ hội Văn hoá Thế giới tại Hà Nội lần II – ""Hội tụ di sản, Kiến tạo tương lai""",World Culture Festival in Hanoi (2nd edition),"45 không gian văn hoá, 35 gian ẩm thực, chiếu phim 18 nước, thời trang 19 nước, 20 đoàn nghệ thuật quốc tế.","45 culture spaces, 35 food stalls, films from 18 countries, fashion from 19 and 20 international arts troupes.",imperial-citadel,Hoàng thành Thăng Long,"19C Hoàng Diệu, Ba Đình",21.036289,105.840442,2026-10-01,2026-10-04,,09:00,21:00,90,,,false,https://mekongasean.vn/sap-dien-ra-le-hoi-van-hoa-the-gioi-tai-ha-noi-lan-thu-hai-59854.html,,,Báo chí (mekongasean.vn) · Văn hoá–Giải trí HN (tổng hợp 03/10/2026),2026-10-03,"Giờ chưa được nguồn xác nhận (app ghi ""giờ dự kiến""). Giá vé: chưa công bố. Bản tiếng Anh do AI dịch.",false
vh-nguyen-du-hxh-1009,approved,hoan-kiem,show,theatre,ok,Sân khấu kịch huyền ảo: Nguyễn Du – Hồ Xuân Hương Ngoại Truyện,"Fantasy play: Nguyen Du – Ho Xuan Huong, the untold story",Vở kịch huyền ảo về hai đại thi hào; giá vé tuỳ vị trí ghế.,A fantasy play about two great poets; ticket price depends on the seat.,,Nhà hát Tuổi Trẻ,"Số 11 Ngô Thì Nhậm, Hai Bà Trưng",21.017581,105.853308,2026-10-09,2026-10-09,,20:00,,120,300,300,true,https://ticketgo.vn/,,,Nền tảng bán vé (ticketgo.vn) · Văn hoá–Giải trí HN (tổng hợp 03/10/2026),2026-10-03,"Giờ chưa được nguồn xác nhận (app ghi ""giờ dự kiến""). Các suất 09/10, 16/10, 06/11/2026. Sheet: ""trang vé không ghi rõ thành phố"" — địa chỉ nhà hát ở Hà Nội. Bản tiếng Anh do AI dịch.",false
vh-nguyen-du-hxh-1016,approved,hoan-kiem,show,theatre,ok,Sân khấu kịch huyền ảo: Nguyễn Du – Hồ Xuân Hương Ngoại Truyện,"Fantasy play: Nguyen Du – Ho Xuan Huong, the untold story",Vở kịch huyền ảo về hai đại thi hào; giá vé tuỳ vị trí ghế.,A fantasy play about two great poets; ticket price depends on the seat.,,Nhà hát Tuổi Trẻ,"Số 11 Ngô Thì Nhậm, Hai Bà Trưng",21.017581,105.853308,2026-10-16,2026-10-16,,20:00,,120,300,300,true,https://ticketgo.vn/,,,Nền tảng bán vé (ticketgo.vn) · Văn hoá–Giải trí HN (tổng hợp 03/10/2026),2026-10-03,"Giờ chưa được nguồn xác nhận (app ghi ""giờ dự kiến""). Các suất 09/10, 16/10, 06/11/2026. Sheet: ""trang vé không ghi rõ thành phố"" — địa chỉ nhà hát ở Hà Nội. Bản tiếng Anh do AI dịch.",false
vh-nguyen-du-hxh-1106,approved,hoan-kiem,show,theatre,ok,Sân khấu kịch huyền ảo: Nguyễn Du – Hồ Xuân Hương Ngoại Truyện,"Fantasy play: Nguyen Du – Ho Xuan Huong, the untold story",Vở kịch huyền ảo về hai đại thi hào; giá vé tuỳ vị trí ghế.,A fantasy play about two great poets; ticket price depends on the seat.,,Nhà hát Tuổi Trẻ,"Số 11 Ngô Thì Nhậm, Hai Bà Trưng",21.017581,105.853308,2026-11-06,2026-11-06,,20:00,,120,300,300,true,https://ticketgo.vn/,,,Nền tảng bán vé (ticketgo.vn) · Văn hoá–Giải trí HN (tổng hợp 03/10/2026),2026-10-03,"Giờ chưa được nguồn xác nhận (app ghi ""giờ dự kiến""). Các suất 09/10, 16/10, 06/11/2026. Sheet: ""trang vé không ghi rõ thành phố"" — địa chỉ nhà hát ở Hà Nội. Bản tiếng Anh do AI dịch.",false
vh-bigbang-my-dinh-2026,approved,hoan-kiem,show,music,ok,BIGBANG 2026-2027 World Tour <XX: COSMOS> in Hanoi,,Tâm điểm mùa concert tháng 10; mua vé qua kênh bán vé chính thức.,The highlight of October’s concert season; tickets through the official sellers.,,Sân vận động Quốc gia Mỹ Đình,"1 Lê Đức Thọ, Nam Từ Liêm",21.0205,105.76393,2026-10-24,2026-10-25,,20:00,,180,,,true,https://vtv.vn/su-bung-no-cua-cac-concert-quy-mo-lon-va-co-hoi-dinh-hinh-cac-ip-van-hoa-100260928161459087.htm,,,Báo chí (vtv.vn) · Văn hoá–Giải trí HN (tổng hợp 03/10/2026),2026-10-03,"Giờ chưa được nguồn xác nhận (app ghi ""giờ dự kiến""). Bản tiếng Anh do AI dịch.",false
vh-le-hoi-thiet-ke-sang-tao-2026,draft,hoan-kiem,open,festival,ok,"Lễ hội Thiết kế Sáng tạo Hà Nội 2026 – ""Kinh tế sáng tạo""",Hanoi Creative Design Festival 2026,"Hoạt động chính tháng 11, trung tâm ở khu chợ Đồng Xuân – Bắc Qua và nhiều điểm toàn thành phố.","Main programme in November, centred on the Dong Xuan – Bac Qua market area with venues across the city.",dong-xuan,Chợ Đồng Xuân – Bắc Qua,"Đồng Xuân, Hoàn Kiếm",21.0381,105.8497,2026-11-01,2026-11-30,,09:00,21:00,90,,,false,https://daibieunhandan.vn/print/10400007.html,,,Báo chí (daibieunhandan.vn) · Văn hoá–Giải trí HN (tổng hợp 03/10/2026),2026-10-03,"Giờ chưa được nguồn xác nhận (app ghi ""giờ dự kiến""). Sheet: ""ngày cụ thể trong tháng 11 chưa công bố"". Văn bản gốc: https://datafiles.hanoi.gov.vn/gov-hni/6249/VanBan/2025/12/10/KH-333-2025.pdf Bản tiếng Anh do AI dịch.",false
vh-tu-hoi-sang-tao-2026,approved,hoan-kiem,open,festival,ok,Tụ hội Sáng tạo – khởi động Lễ hội Thiết kế Sáng tạo Hà Nội 2026,Creative Gathering — opening of the Hanoi Creative Design Festival 2026,Hơn 200 đơn vị sáng tạo tham gia; miễn phí.,Over 200 creative groups taking part; free.,,Quảng trường Đông Kinh Nghĩa Thục & phố đi bộ hồ Hoàn Kiếm,"Đinh Tiên Hoàng, Hoàn Kiếm",21.03208,105.85159,2026-01-10,2026-01-11,,09:00,21:00,60,0,0,false,https://baovanhoa.vn/van-hoa/khai-mac-chuong-trinh-tu-hoi-sang-tao-hanh-trinh-den-le-hoi-thiet-ke-sang-tao-ha-noi-2026-196443.html,,,Báo chí (baovanhoa.vn) · Văn hoá–Giải trí HN (tổng hợp 03/10/2026),2026-10-03,"Giờ chưa được nguồn xác nhận (app ghi ""giờ dự kiến""). Đã diễn ra. Bản tiếng Anh do AI dịch.",false
vh-crescendo-2026,draft,hoan-kiem,show,music,ok,Crescendo – Giao hưởng kết nối (hoà nhạc ngoài trời),Crescendo — open-air symphony concert,"Một phần Liên hoan Âm nhạc Quốc tế Crescendo 2026; miễn phí, ngoài trời.","Part of the Crescendo International Music Festival 2026; free, outdoors.",,"Nhà Bát Giác, hồ Hoàn Kiếm",Hồ Hoàn Kiếm,21.0287,105.8524,2026-07-04,2026-07-04,,20:00,,120,0,0,false,https://thoibaotaichinhvietnam.vn/nhieu-phim-viet-se-duoc-chieu-tai-lien-hoan-phim-quoc-te-ha-noi-71410.html,,,Báo chí (thoibaotaichinhvietnam.vn) · Văn hoá–Giải trí HN (tổng hợp 03/10/2026),2026-10-03,"Giờ chưa được nguồn xác nhận (app ghi ""giờ dự kiến""). Đã diễn ra. Link nguồn trong sheet có vẻ là bài về liên hoan phim, không phải Crescendo — cần thay link đúng. Bản tiếng Anh do AI dịch.",false
vh-lien-hoan-san-khau-2026,approved,hoan-kiem,show,theatre,ok,Liên hoan Sân khấu Hà Nội mở rộng 2026,Hanoi Open Theatre Festival 2026,"Chèo, cải lương, kịch nói, nhạc kịch, xiếc, rối, tuồng; giá vé theo từng vở.","Cheo, cai luong, spoken drama, musicals, circus, puppetry and tuong; prices per show.",,"Rạp Công Nhân (và Đại Nam, Hồng Hà, Cung Việt Xô, Nhà hát Hồ Gươm…)","42 Tràng Tiền, Hoàn Kiếm",21.025308,105.854807,2026-09-03,2026-09-13,,19:30,,150,,,true,https://daibieunhandan.vn/dau-thang-9-se-dien-ra-lien-hoan-san-khau-ha-noi-mo-rong-2026-10416231.html,,,Báo chí (daibieunhandan.vn) · Văn hoá–Giải trí HN (tổng hợp 03/10/2026),2026-10-03,"Giờ chưa được nguồn xác nhận (app ghi ""giờ dự kiến""). Đã diễn ra. Nhiều rạp; toạ độ theo Rạp Công Nhân. Bản tiếng Anh do AI dịch.",false
vh-festival-thang-long-2026,approved,hoan-kiem,open,festival,ok,"Festival Thăng Long – Hà Nội lần II ""Dòng chảy di sản""",Thang Long – Hanoi Festival (2nd edition),"Hàng chục sự kiện, hơn 3.000 nghệ sĩ; phần lớn miễn phí.","Dozens of events and over 3,000 artists; mostly free.",imperial-citadel,"Hoàng thành (và Văn Miếu, Bảo tàng Hà Nội, Bát Tràng, Tượng đài Cảm tử, QT Đông Kinh Nghĩa Thục)","19C Hoàng Diệu, Ba Đình",21.036289,105.840442,2026-09-11,2026-09-20,,09:00,21:00,90,0,0,false,https://baoquocte.vn/khai-mac-festival-thang-long-ha-noi-2026-bua-tiec-nghe-thuat-da-mau-sac-van-hoa-442897.html,,,Báo chí (baoquocte.vn) · Văn hoá–Giải trí HN (tổng hợp 03/10/2026),2026-10-03,"Giờ chưa được nguồn xác nhận (app ghi ""giờ dự kiến""). Đã diễn ra. Nhiều địa điểm; toạ độ theo Hoàng thành. Bản tiếng Anh do AI dịch.",false
vh-jazztival-2026,approved,hoan-kiem,show,music,ok,"Hanoi Jazztival 2026 – ""Jazz Hà Nội, Giai điệu không biên giới""",Hanoi Jazztival 2026,"Khai mạc, toạ đàm, workshop và Night Jam tại các jazz club; phần lớn miễn phí.","Opening night, talks, workshops and Night Jams at jazz clubs; mostly free.",opera-house,"Vườn âm nhạc Nhà hát Lớn (và 22 Hàng Buồm, Bảo tàng Phụ nữ, các jazz club)","1A Tràng Tiền, Hoàn Kiếm",21.024193,105.857825,2026-09-17,2026-09-19,,20:00,,120,0,0,false,https://nhadautu.vn/kham-pha-ban-do-nhac-jazz-quoc-te-tai-ha-noi-vao-thang-9-d106942.html,,,Báo chí (nhadautu.vn) · Văn hoá–Giải trí HN (tổng hợp 03/10/2026),2026-10-03,"Giờ chưa được nguồn xác nhận (app ghi ""giờ dự kiến""). Đã diễn ra. Bản tiếng Anh do AI dịch.",false
vh-lhp-tai-lieu-chau-au-2026,approved,hoan-kiem,show,film,ok,Liên hoan Phim tài liệu châu Âu – Việt Nam lần 16,16th European–Vietnamese Documentary Film Festival,"25 phim (11 quốc tế, 14 Việt Nam).","25 films (11 international, 14 Vietnamese).",,Hãng Phim tài liệu và khoa học Trung ương,"465 Hoàng Hoa Thám, Ba Đình",21.04374,105.81308,2026-09-18,2026-09-26,,19:00,,120,,,false,https://mekongasean.vn/14-tac-pham-trong-nuoc-tham-gia-lien-hoan-phim-tai-lieu-chau-au-viet-nam-2026-59631.html,,,Báo chí (mekongasean.vn) · Văn hoá–Giải trí HN (tổng hợp 03/10/2026),2026-10-03,"Giờ chưa được nguồn xác nhận (app ghi ""giờ dự kiến""). Đã diễn ra. Bản tiếng Anh do AI dịch.",false
