id,place_id,status,kind,question_vi,question_en,option1_vi,option1_en,option2_vi,option2_en,option3_vi,option3_en,answer,hint_vi,hint_en,explain_vi,explain_en,sources,checked_on,review_notes
ngoc-son-q1,ngoc-son,approved,history,"Đền Ngọc Sơn thờ vị thần nào – ngôi sao chủ về văn chương, khoa cử?",Ngọc Sơn Temple honours which deity – the star of literature and exams?,Văn Xương Đế Quân,Văn Xương Đế Quân (god of literature),Thần Tài,The God of Wealth,Thổ Công,The Kitchen-and-Land God,1,Tháp Bút và Đài Nghiên ở cổng là một gợi ý lớn.,The Pen Tower and Ink Slab at the gate are a big clue.,"Đền thờ Văn Xương Đế Quân, vị thần chủ văn chương, khoa cử, cùng Đức Thánh Trần Hưng Đạo – người đánh thắng quân Nguyên thế kỷ 13.","The temple honours Văn Xương Đế Quân, god of literature and examinations, together with Trần Hưng Đạo, who defeated the Mongol-Yuan armies in the 13th century.",https://vi.wikipedia.org/wiki/Đền_Ngọc_Sơn,2026-10-03,Đã đối chiếu nguồn qua tìm kiếm web khi soạn; nên kiểm tại chỗ với câu hỏi “quan sát”.
ngoc-son-q2,ngoc-son,approved,look,Nghiên mực bằng đá trên Đài Nghiên được đặt trên lưng con vật gì?,The stone ink slab on the Ink Slab Gate rests on the backs of which animals?,Ba con ếch,Three frogs,Ba con rùa,Three turtles,Ba con sư tử,Three lions,1,"Một con vật nhỏ sống bên nước, hay kêu khi trời mưa.",A small creature that lives by water and calls when it rains.,"Nghiên mực hình nửa quả đào bổ dọc, đặt trên ba con ếch đá – chiếc “nghiên” đi cùng “cây bút” Tháp Bút.",The slab is shaped like half a peach cut lengthwise and sits on three stone frogs – the “ink slab” to go with the Pen Tower’s “brush”.,https://vi.wikipedia.org/wiki/Đền_Ngọc_Sơn,2026-10-03,Đã đối chiếu nguồn qua tìm kiếm web khi soạn; nên kiểm tại chỗ với câu hỏi “quan sát”.
ngoc-son-q3,ngoc-son,approved,history,Tiêu bản cụ Rùa Hồ Gươm trưng bày trong đền nặng khoảng bao nhiêu?,Roughly how heavy is the preserved Hoàn Kiếm turtle displayed in the temple?,250 kg,250 kg,50 kg,50 kg,1 tấn,1 tonne,1,"Nặng hơn ba người lớn cộng lại, nhưng chưa tới một tấn.","Heavier than three adults together, but less than a tonne.","Cụ rùa mất ngày 2/6/1967; con rùa dài 2,1 m, nặng 250 kg và được giữ làm tiêu bản tại đền Ngọc Sơn.","The turtle died on 2 June 1967. It was 2.1 m long and weighed 250 kg, and was preserved at Ngọc Sơn Temple.",https://tuoitre.vn/plo/chuyen-tieu-ban-rua-ho-guom-109116560.htm; https://vietnamnet.vn/chuyen-it-biet-ve-tieu-ban-rua-o-ho-guom-9936.html,2026-10-03,Đã đối chiếu nguồn qua tìm kiếm web khi soạn; nên kiểm tại chỗ với câu hỏi “quan sát”.
the-huc-q1,the-huc,approved,look,Cầu Thê Húc có bao nhiêu nhịp?,How many spans does Thê Húc Bridge have?,15 nhịp,15 spans,9 nhịp,9 spans,21 nhịp,21 spans,1,Đếm số cặp cột gỗ rồi trừ đi một.,"Count the pairs of wooden pillars, then subtract one.","Cầu có 15 nhịp, đỡ bởi 32 cột gỗ tròn xếp thành 16 cặp.","The bridge has 15 spans, held up by 32 round wooden pillars in 16 pairs.",https://vi.wikipedia.org/wiki/Cầu_Thê_Húc,2026-10-03,Đã đối chiếu nguồn qua tìm kiếm web khi soạn; nên kiểm tại chỗ với câu hỏi “quan sát”.
the-huc-q2,the-huc,approved,history,Ai cho xây cầu Thê Húc vào năm 1865?,Who had Thê Húc Bridge built in 1865?,Nhà nho Nguyễn Văn Siêu,Scholar Nguyễn Văn Siêu,Vua Lê Lợi,King Lê Lợi,Vua Lý Thái Tổ,King Lý Thái Tổ,1,Cũng là người dựng Tháp Bút và Đài Nghiên.,The same man who built the Pen Tower and the Ink Slab.,"Năm 1865, thời vua Tự Đức, nhà nho Nguyễn Văn Siêu (1799–1872) tu sửa đền Ngọc Sơn và xây cầu Thê Húc, Tháp Bút, Đài Nghiên, đình Trấn Ba.","In 1865, under Emperor Tự Đức, scholar Nguyễn Văn Siêu (1799–1872) restored Ngọc Sơn Temple and built Thê Húc Bridge, the Pen Tower, the Ink Slab and Trấn Ba pavilion.",https://vi.wikipedia.org/wiki/Cầu_Thê_Húc; https://vi.wikipedia.org/wiki/Đền_Ngọc_Sơn,2026-10-03,Đã đối chiếu nguồn qua tìm kiếm web khi soạn; nên kiểm tại chỗ với câu hỏi “quan sát”.
bach-ma-q1,bach-ma,approved,history,Đền Bạch Mã trấn giữ hướng nào của kinh thành Thăng Long?,Which side of the Thăng Long citadel does Bạch Mã Temple guard?,Phía Đông,The east,Phía Tây,The west,Phía Nam,The south,1,"Hướng mặt trời mọc, cũng là hướng sông Hồng.",Where the sun rises – towards the Red River.,"Đền Bạch Mã là một trong “Thăng Long tứ trấn”: Bạch Mã trấn Đông, Voi Phục trấn Tây, Kim Liên trấn Nam, Quán Thánh trấn Bắc.","Bạch Mã is one of the “Four Guardian Temples of Thăng Long”: Bạch Mã guards the east, Voi Phục the west, Kim Liên the south and Quán Thánh the north.",https://vi.wikipedia.org/wiki/Thăng_Long_tứ_trấn,2026-10-03,Đã đối chiếu nguồn qua tìm kiếm web khi soạn; nên kiểm tại chỗ với câu hỏi “quan sát”.
bach-ma-q2,bach-ma,approved,legend,Đền Bạch Mã thờ vị thần nào?,Which deity is worshipped at Bạch Mã Temple?,Thần Long Đỗ,The spirit Long Đỗ,Thánh Gióng,Saint Gióng,Chử Đồng Tử,Chử Đồng Tử,1,"Vị thần gốc của đất Thăng Long, tên có chữ “Long” (rồng).","The original guardian spirit of the land, whose name contains “Long” (dragon).","Đền thờ thần Long Đỗ, được xem là thần bảo hộ đất Thăng Long; truyền thuyết kể thần hiện thành ngựa trắng giúp vua Lý Thái Tổ xây thành.","The temple honours Long Đỗ, guardian spirit of Thăng Long; legend says he appeared as the white horse that helped King Lý Thái Tổ lay out the walls.",https://vi.wikipedia.org/wiki/Thăng_Long_tứ_trấn,2026-10-03,Đã đối chiếu nguồn qua tìm kiếm web khi soạn; nên kiểm tại chỗ với câu hỏi “quan sát”.
ma-may-87-q1,ma-may-87,approved,history,"Năm 1945, ngôi nhà được một thương gia buôn mặt hàng gì mua lại?",In 1945 the house was bought by a merchant trading in what?,Thuốc bắc,Traditional herbal medicine,Lụa,Silk,Vàng bạc,Gold and silver,1,"Mặt hàng này đựng trong những ngăn kéo gỗ nhỏ, mùi thơm hăng hắc.",It was kept in rows of small wooden drawers and smells pungent.,Nhà xây khoảng cuối thế kỷ 19. Năm 1945 một thương gia buôn thuốc bắc mua lại; từ 1954 đến 1999 có năm gia đình cùng ở đây. Năm 2004 nhà được xếp hạng di tích quốc gia.,The house dates from the late 19th century. In 1945 a herbal-medicine merchant bought it; from 1954 to 1999 five families shared it. It became a national monument in 2004.,https://nhipsonghanoi.hanoimoi.vn/nha-co-87-ma-may-1214773.html,2026-10-03,Đã đối chiếu nguồn qua tìm kiếm web khi soạn; nên kiểm tại chỗ với câu hỏi “quan sát”.
water-puppets-q1,water-puppets,approved,history,Nhà hát Múa rối Thăng Long ra đời năm 1969 với tên gọi ban đầu là gì?,Thang Long Puppet Theatre was founded in 1969 under what original name?,Đoàn nghệ thuật Kim Đồng,Kim Đồng Art Troupe,Đoàn Chèo Hà Nội,Hanoi Chèo Troupe,Nhà hát Lớn,The Opera House,1,Kim Đồng là tên một thiếu niên anh hùng – đoàn biểu diễn cho thiếu nhi.,Kim Đồng was a boy hero – the troupe performed for children.,"Tháng 10/1969 nhà hát thành lập với tên Đoàn nghệ thuật Kim Đồng, ban đầu diễn rối cạn cho thiếu nhi Thủ đô, rồi mới phát triển sân khấu rối nước.","It was founded in October 1969 as the Kim Đồng Art Troupe, first performing dry-land puppetry for the capital’s children before developing its water-puppet stage.",https://sodulich.hanoi.gov.vn/diem-den/diem-den-du-lich-the-thao-vui-choi-giai-tri/nha-hat-mua-roi-nuoc-thang-long.html,2026-10-03,Đã đối chiếu nguồn qua tìm kiếm web khi soạn; nên kiểm tại chỗ với câu hỏi “quan sát”.
cathedral-q1,cathedral,approved,history,Nhà thờ Lớn được xây trên nền của ngôi chùa cổ nào?,The cathedral was built on the site of which old pagoda?,Chùa Báo Thiên,Báo Thiên Pagoda,Chùa Một Cột,One Pillar Pagoda,Chùa Trấn Quốc,Trấn Quốc Pagoda,1,Tên chùa có nghĩa là “báo đáp trời”.,The pagoda’s name means “repaying Heaven”.,"Năm 1873, đất chùa Báo Thiên được giao cho Giám mục Puginier; nhà thờ bằng gạch được xây ở đây trong những năm 1884–1886.",In 1873 the grounds of Báo Thiên Pagoda were handed to Bishop Puginier; the brick cathedral was built there in 1884–1886.,https://vi.wikipedia.org/wiki/Nhà_thờ_Lớn_Hà_Nội,2026-10-03,Đã đối chiếu nguồn qua tìm kiếm web khi soạn; nên kiểm tại chỗ với câu hỏi “quan sát”.
cathedral-q2,cathedral,approved,culture,Nhà thờ Lớn Hà Nội mang tên vị thánh nào?,Which saint is Hanoi’s cathedral named after?,Thánh Giuse,Saint Joseph,Thánh Phêrô,Saint Peter,Thánh Phaolô,Saint Paul,1,"Vị thánh là thợ mộc, chồng của Đức Maria.","A carpenter, the husband of Mary.",Tên chính thức là Nhà thờ Chính tòa Thánh Giuse – nhà thờ chính của Tổng giáo phận Hà Nội.,Its official name is St Joseph’s Cathedral – the main church of the Archdiocese of Hanoi.,https://vi.wikipedia.org/wiki/Nhà_thờ_Lớn_Hà_Nội,2026-10-03,Đã đối chiếu nguồn qua tìm kiếm web khi soạn; nên kiểm tại chỗ với câu hỏi “quan sát”.
women-museum-q1,women-museum,approved,history,Bảo tàng Phụ nữ Việt Nam được thành lập năm nào?,When was the Vietnamese Women’s Museum founded?,1987,1987,1945,1945,2010,2010,1,Hơn mười năm sau ngày thống nhất đất nước.,A little more than ten years after reunification.,"Bảo tàng do Hội Liên hiệp Phụ nữ Việt Nam thành lập năm 1987 và mở cửa đón khách năm 1995. Ba chủ đề chính: Phụ nữ trong gia đình, Phụ nữ trong lịch sử và Thời trang phụ nữ.","The Vietnam Women’s Union founded the museum in 1987; it opened to visitors in 1995. Its three themes: Women in the Family, Women in History and Women’s Fashion.",https://vi.wikipedia.org/wiki/Bảo_tàng_Phụ_nữ_Việt_Nam,2026-10-03,Đã đối chiếu nguồn qua tìm kiếm web khi soạn; nên kiểm tại chỗ với câu hỏi “quan sát”.
hoa-lo-q1,hoa-lo,approved,history,Cái tên “Hỏa Lò” bắt nguồn từ đâu?,Where does the name “Hỏa Lò” come from?,"Làng Phụ Khánh chuyên làm nồi đất, bếp lò","Phụ Khánh village, famous for clay pots and stoves",Một lò luyện sắt của người Pháp,A French iron furnace,Một vụ hỏa hoạn lớn,A great fire,1,“Lò” ở đây là thứ dùng để nấu ăn hằng ngày.,The “lò” here is something used for everyday cooking.,"Nhà tù được xây năm 1896 trên đất làng Phụ Khánh – làng có nghề làm nồi đất, ấm, bếp lò nên còn được gọi là “làng Hỏa Lò”.","The prison was built in 1896 on the land of Phụ Khánh, a village of potters making clay pots, kettles and stoves – nicknamed “Hỏa Lò”, the stove village.",https://oxalisadventure.com/hoa-lo-prison-relic-hanoi/; https://vietnamtravel.com/hoa-lo-prison-hanoi-hilton/,2026-10-03,Đã đối chiếu nguồn qua tìm kiếm web khi soạn; nên kiểm tại chỗ với câu hỏi “quan sát”.
hoa-lo-q2,hoa-lo,approved,history,Tù binh phi công Mỹ đặt cho Hỏa Lò biệt danh mỉa mai nào?,What ironic nickname did captured American pilots give Hỏa Lò?,“Hanoi Hilton”,“Hanoi Hilton”,“Hanoi Ritz”,“Hanoi Ritz”,“Hanoi Plaza”,“Hanoi Plaza”,1,Tên một chuỗi khách sạn nổi tiếng.,The name of a famous hotel chain.,"Trong chiến tranh, tù binh phi công Mỹ – trong đó có John McCain, sau này là Thượng nghị sĩ – gọi đùa nơi này là “Hanoi Hilton”.","During the war, American POW pilots – among them John McCain, later a US senator – jokingly called it the “Hanoi Hilton”.",https://vietnamtravel.com/hoa-lo-prison-hanoi-hilton/; https://joytime.vn/en/blog/9607-hoa-lo-prison.html,2026-10-03,Đã đối chiếu nguồn qua tìm kiếm web khi soạn; nên kiểm tại chỗ với câu hỏi “quan sát”.
egg-coffee-q1,egg-coffee,approved,history,"Trước khi mở quán riêng, ông Giảng làm pha chế ở khách sạn nào?","Before opening his own café, where did Mr Giảng work as a bartender?",Khách sạn Metropole Hà Nội,"The Metropole hotel, Hanoi",Khách sạn Continental Sài Gòn,"The Continental, Saigon",Khách sạn Rex Sài Gòn,"The Rex, Saigon",1,"Khách sạn Pháp cổ nổi tiếng nhất Hà Nội, gần Nhà hát Lớn.","Hanoi’s most famous old French hotel, near the Opera House.",Ông Nguyễn Văn Giảng pha chế ở khách sạn Metropole khi sáng tạo cà phê trứng năm 1946; món uống được ưa chuộng đến mức ông ra mở quán riêng.,Nguyễn Văn Giảng was a bartender at the Metropole when he created egg coffee in 1946; it became so popular that he left to open his own café.,https://vi.wikipedia.org/wiki/Cà_phê_Giảng,2026-10-03,Đã đối chiếu nguồn qua tìm kiếm web khi soạn; nên kiểm tại chỗ với câu hỏi “quan sát”.
bun-cha-q1,bun-cha,approved,culture,"Năm 2016, Tổng thống Mỹ nào ngồi ăn bún chả ở Hà Nội cùng đầu bếp Anthony Bourdain?","In 2016, which US president ate bún chả in Hanoi with chef Anthony Bourdain?",Barack Obama,Barack Obama,Donald Trump,Donald Trump,George W. Bush,George W. Bush,1,Ông là tổng thống Mỹ đương nhiệm khi thăm Việt Nam tháng 5/2016.,He was the sitting president when he visited Vietnam in May 2016.,"Tối 23/5/2016, ông Obama và Anthony Bourdain ăn bún chả ở quán Hương Liên, phố Lê Văn Hưu (không phải quán này) cho chương trình “Parts Unknown”.","On the evening of 23 May 2016, Obama and Anthony Bourdain ate bún chả at Hương Liên on Lê Văn Hưu street (not this shop) for the show “Parts Unknown”.",https://vnexpress.net/obama-noi-nho-mai-lan-an-bun-cha-ha-noi-voi-dau-bep-bourdain-3761122.html,2026-10-03,Đã đối chiếu nguồn qua tìm kiếm web khi soạn; nên kiểm tại chỗ với câu hỏi “quan sát”.
dong-xuan-q1,dong-xuan,approved,history,Chợ Đồng Xuân gặp trận hỏa hoạn lớn vào năm nào?,In which year did Đồng Xuân Market suffer its great fire?,1994,1994,1975,1975,2005,2005,1,"Lửa cháy suốt mấy ngày giữa tháng 7, thập niên 1990.","It burned for days in mid-July, in the 1990s.","Tối 14/7/1994 chợ bốc cháy, thiêu rụi gần như toàn bộ các sạp; đến 19/7 đám cháy mới được dập tắt hẳn.",The fire broke out on the evening of 14 July 1994 and destroyed almost every stall; it was only fully put out on 19 July.,https://vi.wikipedia.org/wiki/Chợ_Đồng_Xuân,2026-10-03,Đã đối chiếu nguồn qua tìm kiếm web khi soạn; nên kiểm tại chỗ với câu hỏi “quan sát”.
ta-hien-q1,ta-hien,approved,history,Phố Tạ Hiện mang tên ai?,Who is Tạ Hiện street named after?,"Tạ Quang Hiện, lãnh tụ phong trào Cần Vương","Tạ Quang Hiện, a leader of the Cần Vương resistance",Một thương nhân người Hoa,A Chinese merchant,Một nhà thơ thời Lê,A Lê-dynasty poet,1,Một người chống Pháp cuối thế kỷ 19.,A man who fought the French at the end of the 19th century.,"Từ năm 1945, phố mang tên Tạ Quang Hiện – một lãnh tụ phong trào Cần Vương chống Pháp ở vùng Thái Bình.","Since 1945 the street has carried the name of Tạ Quang Hiện, a leader of the anti-French Cần Vương movement in Thái Bình.",https://www.traveloka.com/vi-vn/explore/destination/pho-ta-hien-acc/208824; https://36pho.com/nga-tu-quoc-te-ta-hien-doc-dao-giua-long-ha-noi-1601.html,2026-10-03,Đã đối chiếu nguồn qua tìm kiếm web khi soạn; nên kiểm tại chỗ với câu hỏi “quan sát”.
ta-hien-q2,ta-hien,approved,history,Bia hơi Hà Nội bắt đầu được bán vào năm nào?,When did Hanoi bia hơi first go on sale?,1960,1960,1890,1890,1986,1986,1,Hai năm sau chai bia Trúc Bạch đầu tiên (1958).,Two years after the first bottle of Trúc Bạch beer (1958).,Nhà máy bia Hommel (1890) được khôi phục năm 1957 thành Nhà máy bia Hà Nội; chai bia Trúc Bạch đầu tiên ra đời ngày 15/8/1958 và bia hơi bắt đầu có từ năm 1960.,"The Hommel brewery (1890) was revived in 1957 as the Hanoi Brewery; its first bottle of Trúc Bạch came out on 15 August 1958, and bia hơi followed in 1960.",https://thoibaotaichinhvietnam.vn/bia-hoi-ha-noi-net-van-hoa-am-thuc-dac-trung-cua-ha-noi-108709.html; https://vba.com.vn/su-ra-doi-cua-bia-hoi-ha-noi.html,2026-10-03,Đã đối chiếu nguồn qua tìm kiếm web khi soạn; nên kiểm tại chỗ với câu hỏi “quan sát”.
turtle-tower-q1,turtle-tower,approved,history,Tháp Rùa được xây vào khoảng thời gian nào?,When was the Turtle Tower built?,1884–1886,1884–1886,"Thời vua Lê Lợi, thế kỷ 15","In King Lê Lợi’s time, 15th century",Sau năm 1954,After 1954,1,Muộn hơn nhiều so với truyền thuyết trả gươm – cùng thời với Nhà thờ Lớn.,Much later than the sword legend – around the same time as the cathedral.,"Dù gắn với truyền thuyết Lê Lợi, tháp chỉ được xây năm 1884–1886 trên gò Rùa giữa hồ, kết hợp cửa cuốn kiểu Gothic với mái cong truyền thống Việt.","Despite the Lê Lợi legend, the tower was only built in 1884–1886 on the islet in the lake, mixing Gothic-style arches with a curved Vietnamese roof.",https://vi.wikipedia.org/wiki/Tháp_Rùa; https://vietnamnet.vn/thap-rua-tai-ho-guom-duoc-xay-dung-khi-nao-2288598.html,2026-10-03,Đã đối chiếu nguồn qua tìm kiếm web khi soạn; nên kiểm tại chỗ với câu hỏi “quan sát”.
turtle-tower-q2,turtle-tower,approved,legend,Tên “Hoàn Kiếm” có nghĩa là gì?,What does the name “Hoàn Kiếm” mean?,Trả gươm,Returned sword,Rùa vàng,Golden turtle,Hồ xanh,Green lake,1,Nhớ lại việc Rùa Vàng làm với thanh gươm của vua.,Think of what the Golden Turtle did with the king’s sword.,"“Hoàn” là trả lại, “kiếm” là gươm: hồ mang tên theo truyền thuyết vua Lê Lợi trả gươm thần cho Rùa Vàng.",“Hoàn” means return and “kiếm” means sword: the lake is named for the legend of King Lê Lợi returning the magic sword to the Golden Turtle.,https://vi.wikipedia.org/wiki/Hồ_Hoàn_Kiếm,2026-10-03,Đã đối chiếu nguồn qua tìm kiếm web khi soạn; nên kiểm tại chỗ với câu hỏi “quan sát”.
national-history-museum-q1,national-history-museum,approved,history,"Khi khánh thành năm 1932, toà nhà là bảo tàng mang tên ai?","When it opened in 1932, the building was a museum named after whom?",Louis Finot,Louis Finot,Paul Doumer,Paul Doumer,Alexandre Yersin,Alexandre Yersin,1,Vị giám đốc đầu tiên của Trường Viễn Đông Bác cổ.,The first director of the French School of the Far East.,"Toà nhà khánh thành ngày 17/3/1932 với tên Bảo tàng Louis Finot, theo tên giám đốc đầu tiên của Trường Viễn Đông Bác cổ (EFEO).","It opened on 17 March 1932 as the Louis Finot Museum, named after the first director of the French School of the Far East (EFEO).",https://baophapluat.vn/chuyen-it-biet-ve-nha-bac-co-bao-tang-lich-su-quoc-gia-post459042.html; https://tienphong.vn/tu-nha-bac-co-den-bao-tang-lich-su-quoc-gia-post1529050.tpo,2026-10-03,Đã đối chiếu nguồn qua tìm kiếm web khi soạn; nên kiểm tại chỗ với câu hỏi “quan sát”.
national-history-museum-q2,national-history-museum,approved,culture,Người Hà Nội quen gọi toà nhà này là gì?,What do Hanoians traditionally call this building?,Nhà Bác Cổ,Nhà Bác Cổ (the “Ancient Studies house”),Nhà Đoan,Nhà Đoan (the customs house),Nhà Hát Tây,Nhà Hát Tây (the opera house),1,Lấy từ tên Trường Viễn Đông Bác cổ.,Taken from the name of the French School of the Far East in Vietnamese.,"Vì là bảo tàng của Trường Viễn Đông Bác cổ, toà nhà được gọi là “Nhà Bác Cổ” – một địa danh quen thuộc trong ký ức Hà Nội.","Because it belonged to the École française d’Extrême-Orient (Viễn Đông Bác cổ), it became known as “Nhà Bác Cổ”.",https://baophapluat.vn/chuyen-it-biet-ve-nha-bac-co-bao-tang-lich-su-quoc-gia-post459042.html,2026-10-03,Đã đối chiếu nguồn qua tìm kiếm web khi soạn; nên kiểm tại chỗ với câu hỏi “quan sát”.
hanoi-post-office-q1,hanoi-post-office,approved,history,Bưu điện được xây trên đất của ngôi chùa nào bị người Pháp phá năm 1888?,"The post office stands on the site of which pagoda, torn down by the French in 1888?",Chùa Báo Ân,Báo Ân Pagoda,Chùa Báo Thiên,Báo Thiên Pagoda,Chùa Quán Sứ,Quán Sứ Pagoda,1,Ngọn tháp Hòa Phong bên cạnh là phần còn sót lại của chùa.,Hòa Phong Tower next door is all that survives of it.,"Chùa Báo Ân (xây khoảng năm 1842, 180 gian) bị phá năm 1888 để xây bưu điện; chỉ còn tháp Hòa Phong. (Chùa Báo Thiên là nơi xây Nhà thờ Lớn.)","Báo Ân Pagoda (built c. 1842, 180 bays) was torn down in 1888 for the post office; only Hòa Phong Tower remains. (Báo Thiên Pagoda was where the cathedral was built.)",https://laodongthudo.vn/thap-hoa-phong-dai-dau-cung-nam-thang-102705.html; https://vi.wikipedia.org/wiki/Bưu_điện_Hà_Nội,2026-10-03,Đã đối chiếu nguồn qua tìm kiếm web khi soạn; nên kiểm tại chỗ với câu hỏi “quan sát”.
hanoi-post-office-q2,hanoi-post-office,approved,history,"Khi khánh thành trưa 2/9/1978, đồng hồ Bưu điện phát bài hát nào?","When it was inaugurated at noon on 2 Sept 1978, which song did the clock play?",“Ca ngợi Hồ Chủ tịch”,“Ca ngợi Hồ Chủ tịch” (Praise to President Hồ),“Tiến quân ca”,“Tiến quân ca” (the national anthem),“Hà Nội mùa thu”,“Hà Nội mùa thu”,1,Bài hát của nhạc sĩ Lưu Hữu Phước về Bác Hồ.,A song by composer Lưu Hữu Phước about Uncle Hồ.,"Cột đồng hồ xây cùng toà nhà năm 1976 và khánh thành vào 12 giờ trưa ngày Quốc khánh 2/9/1978, phát bài “Ca ngợi Hồ Chủ tịch” của nhạc sĩ Lưu Hữu Phước.","The clock tower went up with the 1976 building and was inaugurated at noon on National Day, 2 Sept 1978, playing Lưu Hữu Phước’s “Praise to President Hồ”.",https://vi.wikipedia.org/wiki/Bưu_điện_Hà_Nội; https://hanoionline.vn/chuyen-ve-chiec-dong-ho-tren-noc-nha-buu-dien-274325.htm,2026-10-03,Đã đối chiếu nguồn qua tìm kiếm web khi soạn; nên kiểm tại chỗ với câu hỏi “quan sát”.
hoa-phong-tower-q1,hoa-phong-tower,approved,history,Tháp Hòa Phong là dấu tích còn lại của ngôi chùa nào?,Hòa Phong Tower is the last trace of which pagoda?,Chùa Báo Ân,Báo Ân Pagoda,Chùa Báo Thiên,Báo Thiên Pagoda,Chùa Quán Sứ,Quán Sứ Pagoda,1,Nhìn tên bốn cửa vòm ở tầng một.,Look at the names over the four ground-floor arches.,"Chùa Báo Ân (còn gọi chùa Liên Trì) có 180 gian, xây khoảng năm 1842; năm 1888 người Pháp phá chùa để xây bưu điện, chỉ giữ lại ngọn tháp này.","Báo Ân Pagoda (also called Liên Trì) had 180 bays and was built around 1842; the French demolished it in 1888 for the post office, keeping only this tower.",https://laodongthudo.vn/thap-hoa-phong-dai-dau-cung-nam-thang-102705.html; https://vovgiaothong.vn/thap-hoa-phong---thap-co-ben-long-ho-guom-d25616.html,2026-10-03,Đã đối chiếu nguồn qua tìm kiếm web khi soạn; nên kiểm tại chỗ với câu hỏi “quan sát”.
hoa-phong-tower-q2,hoa-phong-tower,approved,look,Bốn góc tầng hai của tháp có tượng con vật gì?,Which animals stand at the four corners of the tower’s second level?,Con nghê,Nghê (guardian lion-dogs),Con rồng,Dragons,Con hạc,Cranes,1,"Linh vật giống chó, giống sư tử, hay canh cửa đình chùa.","A temple guardian that looks part dog, part lion.","Tầng hai có bốn trụ vuông ở bốn góc, trên mỗi trụ là một con nghê, đều quay về hướng đông.","The second level has four square pillars at the corners, each topped by a nghê, all facing east.",https://laodongthudo.vn/thap-hoa-phong-dai-dau-cung-nam-thang-102705.html,2026-10-03,Đã đối chiếu nguồn qua tìm kiếm web khi soạn; nên kiểm tại chỗ với câu hỏi “quan sát”.
48-hang-ngang-q1,48-hang-ngang,approved,history,Ngôi nhà 48 Hàng Ngang là của gia đình ai?,Whose family home was 48 Hàng Ngang?,Ông Trịnh Văn Bô và bà Hoàng Thị Minh Hồ,Trịnh Văn Bô and Hoàng Thị Minh Hồ,Ông Bạch Thái Bưởi,Bạch Thái Bưởi,Một viên quan người Pháp,A French official,1,"Một gia đình buôn bán lớn ở phố Hàng Ngang, hết lòng ủng hộ cách mạng.",A wealthy merchant family on Hàng Ngang who supported the revolution.,"Đây là nhà và cơ sở kinh doanh của gia đình nhà tư sản yêu nước Trịnh Văn Bô – Hoàng Thị Minh Hồ. Từ 25/8 đến 2/9/1945, Bác Hồ ở và làm việc tại đây.",It was the home and business of the patriotic merchant couple Trịnh Văn Bô and Hoàng Thị Minh Hồ. Hồ Chí Minh lived and worked here from 25 August to 2 September 1945.,https://vi.wikipedia.org/wiki/Nhà_48_Hàng_Ngang; https://vov.vn/di-san/ngoi-nha-48-hang-ngang-noi-ra-doi-ban-tuyen-ngon-doc-lap-427650.vov,2026-10-03,Đã đối chiếu nguồn qua tìm kiếm web khi soạn; nên kiểm tại chỗ với câu hỏi “quan sát”.
opera-house-q1,opera-house,approved,history,Nhà hát Lớn Hà Nội khánh thành năm nào?,When did the Hanoi Opera House open?,1911,1911,1886,1886,1945,1945,1,"Khởi công năm 1901, xây mất khoảng mười năm.",Work began in 1901 and took about ten years.,Nhà hát khởi công ngày 7/6/1901 và khánh thành ngày 9/12/1911.,Construction began on 7 June 1901 and the theatre opened on 9 December 1911.,https://vi.wikipedia.org/wiki/Nhà_hát_Lớn_Hà_Nội,2026-10-03,Đã đối chiếu nguồn qua tìm kiếm web khi soạn; nên kiểm tại chỗ với câu hỏi “quan sát”.
opera-house-q2,opera-house,approved,history,Quảng trường trước Nhà hát Lớn mang tên gì?,What is the square in front of the Opera House called?,Quảng trường Cách mạng Tháng Tám,August Revolution Square,Quảng trường Ba Đình,Ba Đình Square,Quảng trường Đông Kinh Nghĩa Thục,Đông Kinh Nghĩa Thục Square,1,"Ngày 19/8/1945, cuộc mít tinh giành chính quyền ở Hà Nội diễn ra ngay tại đây.",On 19 August 1945 the rally that took power in Hanoi was held right here.,"Quảng trường mang tên Cách mạng Tháng Tám, ghi dấu cuộc mít tinh trước Nhà hát Lớn ngày 19/8/1945 mở đầu cuộc giành chính quyền ở Hà Nội.","The square is named after the August Revolution, recalling the rally in front of the Opera House on 19 August 1945 that began the seizure of power in Hanoi.",https://vi.wikipedia.org/wiki/Nhà_hát_Lớn_Hà_Nội,2026-10-03,Đã đối chiếu nguồn qua tìm kiếm web khi soạn; nên kiểm tại chỗ với câu hỏi “quan sát”.
o-quan-chuong-q1,o-quan-chuong,approved,history,Tấm bia năm 1881 gắn bên cửa ô ghi lệnh gì?,What does the 1881 stone tablet by the gate order?,Cấm lính gác sách nhiễu người qua lại,Guards must not harass people passing through,Cấm buôn muối qua cửa,No salt may be traded through the gate,Mọi người phải nộp thuế khi vào phố,Everyone must pay a tax to enter,1,Tổng đốc Hoàng Diệu muốn bảo vệ người dân đi chợ.,Governor Hoàng Diệu wanted to protect people coming to market.,"Năm 1881, Tổng đốc Hoàng Diệu cho gắn bia cấm lính canh cửa ô sách nhiễu, đòi tiền người qua lại.",In 1881 Governor Hoàng Diệu had a tablet put up forbidding the gate guards from harassing or extorting passers-by.,https://www.vntrip.vn/cam-nang/o-quan-chuong-32172; https://archives.org.vn/gioi-thieu-tai-lieu-nghiep-vu/o-quan-chuong-bieu-tuong-kien-truc-va-khang-chien-con-sot-lai-cua-kinh-thanh-thang-long.htm,2026-10-03,Đã đối chiếu nguồn qua tìm kiếm web khi soạn; nên kiểm tại chỗ với câu hỏi “quan sát”.
o-quan-chuong-q2,o-quan-chuong,approved,history,Ô Quan Chưởng có gì đặc biệt so với các cửa ô khác của Hà Nội xưa?,What makes Ô Quan Chưởng special among old Hanoi’s city gates?,Là cửa ô duy nhất còn lại,It is the only one still standing,Là cửa ô lớn nhất,It was the largest,Là cửa ô xây bằng gỗ,It was made of wood,1,Các cửa ô khác giờ chỉ còn là tên địa danh.,The other gates survive only as place names.,Đây là cửa ô duy nhất của kinh thành Thăng Long xưa còn tồn tại. Cửa được giữ lại vì dân phố không chịu ký đơn xin phá.,It is the only gate of old Thăng Long still standing – it survived because local residents refused to sign a petition to demolish it.,https://www.vntrip.vn/cam-nang/o-quan-chuong-32172; https://nguoihanoi.vn/o-quan-chuong-cua-o-cuoi-cung-cua-ha-noi-87868.html,2026-10-03,Đã đối chiếu nguồn qua tìm kiếm web khi soạn; nên kiểm tại chỗ với câu hỏi “quan sát”.
quan-su-pagoda-q1,quan-su-pagoda,approved,history,"Năm 1934, chùa Quán Sứ trở thành trụ sở của tổ chức nào?",In 1934 Quán Sứ Pagoda became the headquarters of which organisation?,Hội Phật giáo Bắc Kỳ,The Northern Buddhist Association,Hội Truyền bá Quốc ngữ,The Association for Spreading Quốc Ngữ,Đông Kinh Nghĩa Thục,The Đông Kinh Free School,1,Một hội của những người theo đạo Phật ở miền Bắc.,An association of Buddhists in the north.,Năm 1934 Hội Phật giáo Bắc Kỳ đặt trụ sở tại đây và ra báo Đuốc Tuệ; năm 1942 chùa được xây lại theo thiết kế của Nguyễn Ngọc Ngoạn và Nguyễn Xuân Tùng.,In 1934 the Northern Buddhist Association made it their headquarters and published the Đuốc Tuệ newspaper here; the pagoda was rebuilt in 1942 to designs by Nguyễn Ngọc Ngoạn and Nguyễn Xuân Tùng.,https://vi.wikipedia.org/wiki/Chùa_Quán_Sứ,2026-10-03,Đã đối chiếu nguồn qua tìm kiếm web khi soạn; nên kiểm tại chỗ với câu hỏi “quan sát”.
imperial-citadel-q1,imperial-citadel,approved,history,"Khi được ghi danh năm 2010, Hoàng thành Thăng Long là di sản thế giới thứ bao nhiêu?","When inscribed in 2010, the Imperial Citadel was which number World Heritage Site?",Thứ 900,The 900th,Thứ 100,The 100th,Thứ 1.000,"The 1,000th",1,"Một con số tròn trăm, gần với số năm của Thăng Long nhưng không phải 1.000.","A round hundred, close to Thăng Long’s age but not 1,000.","Ngày 31/7/2010, Khu trung tâm Hoàng thành Thăng Long trở thành di sản thế giới thứ 900 được UNESCO ghi danh.",On 31 July 2010 the Central Sector of the Imperial Citadel became the 900th site on UNESCO’s World Heritage List.,https://baovanhoa.vn/van-hoa/hoang-thanh-thang-long-tro-thanh-di-san-van-hoa-the-gioi-252246.html; https://tuoitre.vn/hoang-thanh-thang-long-duoc-cong-nhan-di-san-van-hoa-the-gioi-393117.htm,2026-10-03,Đã đối chiếu nguồn qua tìm kiếm web khi soạn; nên kiểm tại chỗ với câu hỏi “quan sát”.
imperial-citadel-q2,imperial-citadel,approved,history,"Theo UNESCO, Hoàng thành là trung tâm quyền lực liên tục trong bao lâu?","According to UNESCO, for how long was the citadel a continuous seat of power?",Hơn 13 thế kỷ,More than 13 centuries,Khoảng 3 thế kỷ,About 3 centuries,Khoảng 50 năm,About 50 years,1,Từ trước thời nhà Lý cho tới ngày nay.,From before the Lý dynasty right up to today.,"UNESCO ghi nhận ba giá trị nổi bật: lịch sử văn hóa trải dài hơn 13 thế kỷ, là trung tâm quyền lực liên tục qua nhiều triều đại, và hệ thống tầng văn hóa, di tích, di vật phong phú.","UNESCO recognised three outstanding values: more than 13 centuries of history, an unbroken seat of power across dynasties, and its rich layers of remains and artefacts.",https://baovanhoa.vn/van-hoa/hoang-thanh-thang-long-tro-thanh-di-san-van-hoa-the-gioi-252246.html,2026-10-03,Đã đối chiếu nguồn qua tìm kiếm web khi soạn; nên kiểm tại chỗ với câu hỏi “quan sát”.
ba-kieu-temple-q1,ba-kieu-temple,approved,culture,Đền Bà Kiệu chủ yếu thờ vị thánh nào trong Tứ bất tử?,Which of the Four Immortals is mainly worshipped at Bà Kiệu Temple?,Thánh Mẫu Liễu Hạnh,Mother Goddess Liễu Hạnh,Thánh Gióng,Saint Gióng,Chử Đồng Tử,Chử Đồng Tử,1,Vị thánh duy nhất là nữ trong Tứ bất tử.,The only woman among the Four Immortals.,"Đền thờ Thánh Mẫu Liễu Hạnh cùng hai thị nữ Quỳnh Hoa và Quế Hoa. Tứ bất tử gồm Tản Viên Sơn Thánh, Thánh Gióng, Chử Đồng Tử và Mẫu Liễu Hạnh.","The temple honours Mother Goddess Liễu Hạnh with her two maids, Quỳnh Hoa and Quế Hoa. The Four Immortals are Tản Viên, Saint Gióng, Chử Đồng Tử and Liễu Hạnh.",https://vi.wikipedia.org/wiki/Đền_Bà_Kiệu,2026-10-03,Đã đối chiếu nguồn qua tìm kiếm web khi soạn; nên kiểm tại chỗ với câu hỏi “quan sát”.
ly-thai-to-park-q1,ly-thai-to-park,approved,look,"Tính cả bệ, tượng đài Lý Thái Tổ cao bao nhiêu?","Including its base, how tall is the Lý Thái Tổ monument?","10,1 m",10.1 m,"3,3 m",3.3 m,20 m,20 m,1,Bằng khoảng một toà nhà ba tầng.,About as tall as a three-storey building.,"Tượng đồng đúc liền khối cao 6,8 m, đặt trên bệ cao 3,3 m – tổng cộng 10,1 m, nặng 32 tấn; khánh thành ngày 7/10/2004.","The single-cast bronze figure is 6.8 m tall on a 3.3 m base – 10.1 m in all, weighing 32 tonnes; it was unveiled on 7 October 2004.",https://vovgiaothong.vn/tuong-dai-vua-ly-thai-to-d25609.html; https://banqldtdthanoi.vn/di-tich-do-ban-quan-ly-truc-tiep/tuong-dai-duc-vua-ly-thai-to/,2026-10-03,Đã đối chiếu nguồn qua tìm kiếm web khi soạn; nên kiểm tại chỗ với câu hỏi “quan sát”.
ly-thai-to-park-q2,ly-thai-to-park,approved,history,Chiếu dời đô của vua Lý Thái Tổ có bao nhiêu chữ?,How many characters long is King Lý Thái Tổ’s Edict on Moving the Capital?,214 chữ,214,1.010 chữ,"1,010",54 chữ,54,1,Con số này trùng với số năm nhà Lý trị vì.,The same number as the years the Lý dynasty ruled.,"Chiếu dời đô (năm 1010) có 214 chữ – trùng với 214 năm nhà Lý trị vì. Con số 1.010 là năm dời đô, không phải số chữ.","The Edict (1010) has 214 characters – matching the 214 years of Lý rule. 1,010 is the year of the move, not the length.",https://vovgiaothong.vn/tuong-dai-vua-ly-thai-to-d25609.html,2026-10-03,Đã đối chiếu nguồn qua tìm kiếm web khi soạn; nên kiểm tại chỗ với câu hỏi “quan sát”.
cua-bac-church-q1,cua-bac-church,approved,culture,Tên chính thức của nhà thờ Cửa Bắc là gì?,What is Cửa Bắc Church’s official name?,Nhà thờ Nữ Vương Các Thánh Tử Đạo,Church of Our Lady Queen of Martyrs,Nhà thờ Thánh Giuse,St Joseph’s Church,Nhà thờ Hàm Long,Hàm Long Church,1,“Cửa Bắc” chỉ là tên theo cổng thành gần đó; tên chính thức nói về các vị tử đạo.,“Cửa Bắc” comes from the nearby citadel gate; the official name honours martyrs.,Tên chính thức là Nhà thờ Nữ Vương Các Thánh Tử Đạo; người ta quen gọi theo Cửa Bắc của thành Hà Nội ở ngay gần.,Its official name is the Church of Our Lady Queen of Martyrs; people call it after the North Gate of the old citadel nearby.,https://vi.wikipedia.org/wiki/Nhà_thờ_Cửa_Bắc,2026-10-03,Đã đối chiếu nguồn qua tìm kiếm web khi soạn; nên kiểm tại chỗ với câu hỏi “quan sát”.
dien-hong-garden-q1,dien-hong-garden,approved,history,"Thời Pháp, vườn hoa này mang tên ai?","Under the French, who was this garden named after?","Léon Chavassieux, phó Toàn quyền Đông Dương","Léon Chavassieux, Deputy Governor-General of Indochina",Paul Bert,Paul Bert,Giám mục Puginier,Bishop Puginier,1,Một quan chức Pháp mất năm 1895.,A French official who died in 1895.,"Vườn được người Pháp làm để tưởng niệm Léon Chavassieux (1848–1895), phó Toàn quyền Đông Dương; sau năm 1945 đổi tên thành vườn hoa Diên Hồng.","The French laid it out in memory of Léon Chavassieux (1848–1895), Deputy Governor-General of Indochina; after 1945 it was renamed Diên Hồng.",https://vi.wikipedia.org/wiki/Vườn_hoa_Diên_Hồng; https://tienphong.vn/chuyen-it-biet-ve-vuon-hoa-con-coc-cua-thu-do-post1077233.tpo,2026-10-03,Đã đối chiếu nguồn qua tìm kiếm web khi soạn; nên kiểm tại chỗ với câu hỏi “quan sát”.
dien-hong-garden-q2,dien-hong-garden,approved,look,Có bao nhiêu tượng cóc đồng quanh đài phun nước?,How many bronze toads sit around the fountain?,Bốn,Four,Hai,Two,Tám,Eight,1,"Mỗi hướng một con, cùng phun nước vào trụ đá giữa.","One on each side, all spraying the central stone pillar.","Bốn tượng cóc đồng phun nước lên trụ đá vuông cao khoảng 3,5 m ở giữa – lý do người dân gọi đây là vườn hoa Con Cóc.",Four bronze toads spray water onto the square stone pillar (about 3.5 m tall) in the middle – which is why locals call it the Toad Garden.,https://vi.wikipedia.org/wiki/Vườn_hoa_Diên_Hồng,2026-10-03,Đã đối chiếu nguồn qua tìm kiếm web khi soạn; nên kiểm tại chỗ với câu hỏi “quan sát”.
ba-vi-national-park-q1,ba-vi-national-park,approved,history,Vườn quốc gia Ba Vì được thành lập năm nào?,When was Ba Vì National Park established?,1991,1991,1962,1962,2010,2010,1,Đầu thập niên 1990.,At the start of the 1990s.,Vườn quốc gia Ba Vì được thành lập theo quyết định ngày 16/1/1991 của Chủ tịch Hội đồng Bộ trưởng.,Ba Vì National Park was established by a government decision of 16 January 1991.,https://vi.wikipedia.org/wiki/Vườn_quốc_gia_Ba_Vì,2026-10-03,Đã đối chiếu nguồn qua tìm kiếm web khi soạn; nên kiểm tại chỗ với câu hỏi “quan sát”.
son-tay-ancient-citadel-q1,son-tay-ancient-citadel,approved,architecture,Thành Sơn Tây được xây theo kiểu thành quân sự nào?,Sơn Tây Citadel follows which style of fortress?,Kiểu Vauban,The Vauban style,Kiểu lâu đài Gothic,A Gothic castle,Kiểu Vạn Lý Trường Thành,A Great Wall style,1,Mang tên một kỹ sư quân sự người Pháp.,Named after a French military engineer.,"Tường thành chạy gãy khúc theo kiểu Vauban nhưng tổng thể hình vuông, mỗi cạnh khoảng 400 m, có bốn cổng Đông – Tây – Nam – Bắc và hào nước rộng khoảng 20 m.","The walls zig-zag in the Vauban manner around an overall square of about 400 m a side, with four gates (east, west, south, north) and a moat about 20 m wide.",https://vi.wikipedia.org/wiki/Thành_cổ_Sơn_Tây; https://baotanglichsu.vn/vi/Articles/3096/6726/thanh-co-son-tay.html,2026-10-03,Đã đối chiếu nguồn qua tìm kiếm web khi soạn; nên kiểm tại chỗ với câu hỏi “quan sát”.
son-tay-ancient-citadel-q2,son-tay-ancient-citadel,approved,history,Thành cổ Sơn Tây được xây dưới triều vua nào?,Under which emperor was Sơn Tây Citadel built?,Vua Minh Mạng (1822),Emperor Minh Mạng (1822),Vua Lý Thái Tổ (1010),King Lý Thái Tổ (1010),Vua Lê Lợi (1428),King Lê Lợi (1428),1,Một vị vua nhà Nguyễn.,A Nguyễn-dynasty emperor.,"Thành được xây năm 1822 dưới triều vua Minh Mạng, tại thủ phủ trấn Sơn Tây.","It was built in 1822 under Emperor Minh Mạng, at the seat of Sơn Tây province.",https://vi.wikipedia.org/wiki/Thành_cổ_Sơn_Tây,2026-10-03,Đã đối chiếu nguồn qua tìm kiếm web khi soạn; nên kiểm tại chỗ với câu hỏi “quan sát”.
ho-suoi-hai-q1,ho-suoi-hai,approved,nature,Trong lòng hồ Suối Hai có khoảng bao nhiêu hòn đảo lớn nhỏ?,"About how many islands, large and small, are in Suối Hai Lake?",14,14,2,2,100,100,1,Hơn một chục.,A little more than a dozen.,"Hồ có mặt nước gần 1.000 ha với 14 đảo lớn nhỏ, tổng diện tích các đảo khoảng 90 ha.","The lake covers nearly 1,000 ha and holds 14 islands, together about 90 ha.",https://vi.wikipedia.org/wiki/Hồ_Suối_Hai; https://hanoimoi.vn/den-voi-ba-vi-suoi-hai-20154.html,2026-10-03,Đã đối chiếu nguồn qua tìm kiếm web khi soạn; nên kiểm tại chỗ với câu hỏi “quan sát”.
village-for-ethnic-culture-and-tourism-q1,village-for-ethnic-culture-and-tourism,approved,nature,Làng Văn hóa – Du lịch các dân tộc Việt Nam nằm bên hồ nào?,The Vietnam Ethnic Culture Village lies on which lake?,Hồ Đồng Mô,Đồng Mô Lake,Hồ Suối Hai,Suối Hai Lake,Hồ Tây,West Lake,1,"Hồ này nằm ở thị xã Sơn Tây, cách trung tâm Hà Nội khoảng 37 km.","In Sơn Tây, about 37 km from central Hanoi.","Làng rộng 1.544 ha, trong đó hơn 935 ha là mặt nước hồ Đồng Mô.","The village covers 1,544 ha, of which more than 935 ha is the water of Đồng Mô Lake.",https://vi.wikipedia.org/wiki/Làng_Văn_hóa_-_Du_lịch_các_dân_tộc_Việt_Nam,2026-10-03,Đã đối chiếu nguồn qua tìm kiếm web khi soạn; nên kiểm tại chỗ với câu hỏi “quan sát”.
dinh-mong-phu-q1,dinh-mong-phu,approved,history,"Năm 2005, Đường Lâm trở thành làng cổ đầu tiên của Việt Nam được công nhận là gì?",In 2005 Đường Lâm became Vietnam’s first ancient village to be recognised as what?,Di tích lịch sử – văn hóa quốc gia,A national historical and cultural monument,Di sản thế giới UNESCO,A UNESCO World Heritage Site,Làng nghề truyền thống,A traditional craft village,1,"Một danh hiệu của Nhà nước Việt Nam, không phải của UNESCO.","A Vietnamese state title, not a UNESCO one.","Năm 2005, Đường Lâm (gồm năm thôn Mông Phụ, Đông Sàng, Cam Thịnh, Đoài Giáp, Cam Lâm) là làng cổ đầu tiên được xếp hạng di tích lịch sử – văn hóa quốc gia.","In 2005 Đường Lâm – the five hamlets of Mông Phụ, Đông Sàng, Cam Thịnh, Đoài Giáp and Cam Lâm – became the first ancient village listed as a national historical and cultural monument.",https://sovhtt.hanoi.gov.vn/en/preserving-values-duong-lam-ancient-village/; https://en.wikipedia.org/wiki/Đường_Lâm_Ancient_Village,2026-10-03,Đã đối chiếu nguồn qua tìm kiếm web khi soạn; nên kiểm tại chỗ với câu hỏi “quan sát”.
dinh-mong-phu-q2,dinh-mong-phu,approved,history,Đường Lâm được gọi là “đất hai vua” vì là quê của ai?,Đường Lâm is called “the land of two kings” – whose birthplace is it?,Phùng Hưng và Ngô Quyền,Phùng Hưng and Ngô Quyền,Đinh Bộ Lĩnh và Lê Hoàn,Đinh Bộ Lĩnh and Lê Hoàn,Lý Công Uẩn và Trần Cảnh,Lý Công Uẩn and Trần Cảnh,1,"Một người là Bố Cái Đại Vương, người kia thắng trận Bạch Đằng năm 938.",One is Bố Cái Đại Vương; the other won the Battle of Bạch Đằng in 938.,Đường Lâm là quê của Phùng Hưng (Bố Cái Đại Vương) và Ngô Quyền – nên được gọi là “đất hai vua”.,Đường Lâm is the birthplace of Phùng Hưng (Bố Cái Đại Vương) and Ngô Quyền – hence “the land of two kings”.,https://en.wikipedia.org/wiki/Đường_Lâm_Ancient_Village; https://special.nhandan.vn/hon-que-viet-o-dat-hai-Vua/index.html,2026-10-03,Đã đối chiếu nguồn qua tìm kiếm web khi soạn; nên kiểm tại chỗ với câu hỏi “quan sát”.
tan-da-nguyen-khac-hieu-memorial-site-q1,tan-da-nguyen-khac-hieu-memorial-site,approved,culture,Tên thật của nhà thơ Tản Đà là gì?,What was the poet Tản Đà’s real name?,Nguyễn Khắc Hiếu,Nguyễn Khắc Hiếu,Nguyễn Văn Siêu,Nguyễn Văn Siêu,Nguyễn Khuyến,Nguyễn Khuyến,1,Tên khu di tích này đã có sẵn đáp án.,The name of this memorial site gives it away.,"Tản Đà (1889–1939), tên thật Nguyễn Khắc Hiếu, quê làng Khê Thượng – nhà thơ được xem là gạch nối giữa thơ cũ và phong trào Thơ mới.","Tản Đà (1889–1939), born Nguyễn Khắc Hiếu in Khê Thượng village, is seen as the bridge between classical poetry and the New Poetry movement.",https://en.wikipedia.org/wiki/Tản_Đà; https://www.thivien.net/T%E1%BA%A3n-%C4%90%C3%A0/author-FOvItidPjMKModgAy49buw,2026-10-03,Đã đối chiếu nguồn qua tìm kiếm web khi soạn; nên kiểm tại chỗ với câu hỏi “quan sát”.
den-va-q1,den-va,approved,nature,Rừng lim cổ quanh đền Và có khoảng bao nhiêu cây?,About how many old ironwood (lim) trees surround Đền Và?,242 cây,242,24 cây,24,2.420 cây,"2,420",1,"Hơn hai trăm cây, có cây hai ba người ôm.","Over two hundred, some needing two or three people to hug.","Rừng lim cổ rộng khoảng 5,7 ha với 242 cây; có cây đường kính tới 1,5 m. Đền Và được xếp hạng di tích quốc gia năm 1964.","The old lim forest covers about 5.7 ha with 242 trees, some 1.5 m across. Đền Và was listed as a national monument in 1964.",https://danviet.vn/de-nhat-phuc-than-tan-vien-son-thanh-va-cau-chuyen-ve-bau-vat-lo-thien-rung-lim-xanh-bao-quanh-den-va-20211109114115-d795321.html,2026-10-03,Đã đối chiếu nguồn qua tìm kiếm web khi soạn; nên kiểm tại chỗ với câu hỏi “quan sát”.
lang-ngo-quyen-q1,lang-ngo-quyen,approved,history,"Sau chiến thắng Bạch Đằng, Ngô Quyền xưng vương và đóng đô ở đâu?","After Bạch Đằng, where did Ngô Quyền make his capital?",Cổ Loa,Cổ Loa,Hoa Lư,Hoa Lư,Thăng Long,Thăng Long,1,Kinh đô cũ của nước Âu Lạc thời An Dương Vương.,The old capital of Âu Lạc under King An Dương.,"Sau khi đánh tan quân Nam Hán năm 938, Ngô Quyền xưng vương và đóng đô ở Cổ Loa, nối tiếp kinh đô Âu Lạc xưa. Hoa Lư là kinh đô của nhà Đinh, Thăng Long của nhà Lý.","After crushing the Southern Han in 938, Ngô Quyền declared himself king and set his capital at Cổ Loa, the old Âu Lạc capital. Hoa Lư was the Đinh capital; Thăng Long the Lý capital.",https://vi.wikipedia.org/wiki/Lăng_Ngô_Quyền; https://en.wikipedia.org/wiki/Ngô_Quyền,2026-10-03,Đã đối chiếu nguồn qua tìm kiếm web khi soạn; nên kiểm tại chỗ với câu hỏi “quan sát”.
lang-ngo-quyen-q2,lang-ngo-quyen,approved,look,Tấm bia giữa lăng khắc dòng chữ gì?,What is carved on the stele at the centre of the tomb?,“Tiền Ngô Vương lăng”,“Tiền Ngô Vương lăng” (Tomb of the Former King Ngô),“Bố Cái Đại Vương”,“Bố Cái Đại Vương”,“Nam quốc sơn hà”,“Nam quốc sơn hà”,1,“Tiền Ngô” để phân biệt với các vua Ngô đời sau.,“Former Ngô” distinguishes him from later Ngô rulers.,Bia đá dựng năm 1821 (Minh Mạng thứ 2) khắc “Tiền Ngô Vương lăng” – lăng của Tiền Ngô Vương Ngô Quyền. Lăng được xây lại năm 1874.,"The stele, set up in 1821 (2nd year of Minh Mạng), reads “Tiền Ngô Vương lăng” – Tomb of the Former King Ngô. The tomb was rebuilt in 1874.",https://vi.wikipedia.org/wiki/Lăng_Ngô_Quyền,2026-10-03,Đã đối chiếu nguồn qua tìm kiếm web khi soạn; nên kiểm tại chỗ với câu hỏi “quan sát”.
chua-mia-q1,chua-mia,approved,history,"Năm 1632, ai đứng ra trùng tu chùa và được dân gọi là “Bà chúa Mía”?","In 1632, who restored the pagoda and became known as “the Lady of Mía”?","Bà Ngô Thị Ngọc Diệu, cung tần chúa Trịnh Tráng","Ngô Thị Ngọc Diệu, a consort of Lord Trịnh Tráng",Nguyên phi Ỷ Lan,Queen Ỷ Lan,Bà Triệu,Lady Triệu,1,Một bà phi trong phủ chúa Trịnh thế kỷ 17.,A consort at the Trịnh lords’ court in the 17th century.,"Năm 1632, bà Ngô Thị Ngọc Diệu (còn gọi Nguyễn Thị Ngọc Dong), cung tần của chúa Trịnh Tráng, cùng cha mẹ và dân làng trùng tu chùa; bà được tôn là “Bà chúa Mía”.","In 1632 Ngô Thị Ngọc Diệu (also called Nguyễn Thị Ngọc Dong), a consort of Lord Trịnh Tráng, restored the pagoda with her parents and the villagers; she is honoured as “the Lady of Mía”.",https://vi.wikipedia.org/wiki/Chùa_Mía,2026-10-03,Đã đối chiếu nguồn qua tìm kiếm web khi soạn; nên kiểm tại chỗ với câu hỏi “quan sát”.
